Proizvod,Cijena,Valuta,Kolicina,Svrha,Datum
kava s mlijekom,1.7,eur,2.0,hrana,2023-04-17
sendvic - piletina,2.9,eur,1.0,hrana,2023-04-17
vrecica - 10 l,4.88,eur,1.0,kuca,2023-04-17
zubna pasta max fresh,3.49,eur,1.0,higijena,2023-04-17
busna karta,1.3,eur,5.0,prijevoz,2023-04-17
sir - livada 150g,2.99,eur,1.0,hrana,2023-04-17
pršut - pec. nar. vp. kras 100g,2.59,eur,1.0,hrana,2023-04-17
ketchup pek. felix 450g,2.99,eur,1.0,hrana,2023-04-17
pecivo sa sezamom 65g,0.33,eur,1.0,hrana,2023-04-17
sendvic - piletina,2.9,eur,1.0,hrana,2023-04-17
burger,12.7,eur,1.0,hrana,2023-04-18
javni biljeznik,2.44,eur,1.0,ostalo,2023-04-18
kava s mlijekom,1.7,eur,1.0,hrana,2023-04-18
pivo,5.0,eur,4.0,hrana,2023-04-18
tortilia - mexicana,3.3,eur,2.0,hrana,2023-04-19
kava s mlijekom,1.7,eur,1.0,hrana,2023-04-19
pad thai beef,6.8,eur,1.0,hrana,2023-04-19
vrećica,0.1,eur,1.0,ostalo,2023-04-19
kava s mlijekom,1.7,eur,1.0,hrana,2023-04-20
tortilia - mexicana,3.3,eur,1.0,hrana,2023-04-20
tortilia - mexicana,3.3,eur,2.0,hrana,2023-04-21
kava s mlijekom,1.7,eur,2.0,hrana,2023-04-21
rizle,0.5,eur,1.0,pušenje,2023-04-21
filteri,0.65,eur,1.0,pušenje,2023-04-21
duhan - golden vriginia,6.1,eur,1.0,pušenje,2023-04-21
upaljac,1.4,eur,1.0,ostalo,2023-04-21
suki yakim,6.8,eur,1.0,hrana,2023-04-22
mortadela - 150g,2.49,eur,2.0,hrana,2023-04-22
sir - edamer 400g,6.99,eur,1.0,hrana,2023-04-22
stapici za usi,2.99,eur,1.0,higijena,2023-04-22
tost kruh,3.99,eur,1.0,hrana,2023-04-22
banane,1.59,eur,1.101,hrana,2023-04-22
hamburger - pohana piletina,8.45,eur,1.0,hrana,2023-04-23
pomfrit,3.15,eur,1.0,hrana,2023-04-23
usluga,1.29,eur,1.0,ostalo,2023-04-23
kava s mlijekom,1.7,eur,1.0,hrana,2023-04-24
kava,1.7,eur,2.0,hrana,2023-04-24
tortilia - tuna,3.3,eur,1.0,hrana,2023-04-24
tost,2.7,eur,1.0,hrana,2023-04-24
grah s kobasicom,3.3,eur,1.0,hrana,2023-04-24
prijenosni USB 64 Gb,5.99,eur,1.0,tehnologija,2023-04-24
Ethernet kabel,4.99,eur,1.0,tehnologija,2023-04-24
crazy glue,4.49,eur,1.0,ostalo,2023-04-24
mliko 3.5% - 1l,1.49,eur,1.0,hrana,2023-04-24
jogurt 3.2% - 1l,1.78,eur,1.0,hrana,2023-04-24
sir - edamer 150g,2.49,eur,1.0,hrana,2023-04-24
šunka - 100g,3.19,eur,1.0,hrana,2023-04-24
mortadela 150g,2.49,eur,1.0,hrana,2023-04-24
kava s mlijekom,1.7,eur,1.0,hrana,2023-04-25
tortillia - tuna,3.3,eur,1.0,hrana,2023-04-25
ručak - tehnički,6.2,eur,1.0,hrana,2023-04-25
tortillia - tuna,3.3,eur,1.0,hrana,2023-04-26
kava s mlijekom,1.7,eur,1.0,hrana,2023-04-26
McDonalds meni,14.3,eur,1.0,hrana,2023-04-26
Monitor Samsung U32R560CWR,378.28,eur,1.0,tehnologija,2023-04-26
HR autoceste,12.0,eur,1.0,prijevoz,2023-04-27
ethernet adapter 1 u 2,1.33,eur,1.0,tehnologija,2023-04-28
DP kabel,9.19,eur,1.0,tehnologija,2023-04-28
eutiroks 50/75 mg,1.03,eur,1.0,medicina,2023-04-28
ostenicept 250 ml,9.5,eur,1.0,medicina,2023-04-28
ništa,0.0,eur,0.0,ništa,2023-04-29
KFC za svih,28.5,eur,1.0,hrana,2023-04-30
ništa,0.0,eur,0.0,ništa,2023-05-01
gorivo,1.4,eur,34.25,prijevoz,2023-05-02
HR autoceste,12.0,eur,1.0,prijevoz,2023-05-02
rizle,0.6,eur,1.0,pušenje,2023-05-02
ručak,6.6,eur,1.0,hrana,2023-05-03
kava,1.0,eur,1.0,hrana,2023-05-03
Ethernet kabel,4.99,eur,1.0,tehnologija,2023-05-03
sir emmental,1.89,eur,2.0,hrana,2023-05-03
coca cola 1.5l,1.59,eur,1.0,hrana,2023-05-03
Whiskey J. Walker,1.49,eur,1.0,hrana,2023-05-03
spar tost american sandwich,1.59,eur,1.0,hrana,2023-05-03
kechup heinz 1kg,4.58,eur,1.0,hrana,2023-05-03
papirnate krpe,1.95,eur,1.0,kuca,2023-05-03
kava s mlijekom,1.7,eur,2.0,hrana,2023-05-04
trotillia - tuna,3.3,eur,2.0,hrana,2023-05-04
Duhan - winston,5.0,eur,1.0,pušenje,2023-05-04
Winston blue,4.5,eur,1.0,pušenje,2023-05-04
Pivo - union radler,2.9,eur,1.0,hrana,2023-05-04
kava s mlijekom,1.7,eur,1.0,hrana,2023-05-05
tortillia - mexicana,3.3,eur,1.0,hrana,2023-05-05
trotillia - tuna,3.3,eur,1.0,hrana,2023-05-05
menza,6.6,eur,1.0,hrana,2023-05-05
metar,1.99,eur,1.0,kuća,2023-05-06
sviječa - šumsko voće,2.99,eur,1.0,kuća,2023-05-06
sviječa - trava,5.99,eur,1.0,kuća,2023-05-06
zaštita za jastuk,8.99,eur,3.0,kuća,2023-05-06
jastučnica - bež,5.99,eur,1.0,kuća,2023-05-06
jastučnica - crna,5.99,eur,2.0,kuća,2023-05-06
jorga,8.99,eur,1.0,kuća,2023-05-06
ikea senf,1.99,eur,2.0,hrana,2023-05-06
ikea ručak,6.67,eur,1.0,hrana,2023-05-06
listići za označivanje stranica,4.99,eur,1.0,ured,2023-05-06
košulja kratka,29.99,eur,1.0,roba,2023-05-06
narudžba hrane,11.29,eur,1.0,hrana,2023-05-06
narudžba hrane,10.91,eur,1.0,hrana,2023-05-07
narudžba hrane,14.79,eur,1.0,hrana,2023-05-07
pivo,3.5,eur,1.0,hrana,2023-05-07
busna karta,1.3,eur,10.0,prijevoz,2023-05-07
kava s mlijekom,1.7,eur,2.0,hrana,2023-05-08
tortillia - mexicana,3.3,eur,2.0,hrana,2023-05-08
mortadela oliva,14.99,eur,0.3,hrana,2023-05-08
milka čokolada,3.45,eur,1.0,hrana,2023-05-08
tost,2.79,eur,1.0,hrana,2023-05-08
artičoci u ulju,2.99,eur,1.0,hrana,2023-05-08
musli,2.85,eur,1.0,hrana,2023-05-08
kukumar,2.49,eur,1.0,hrana,2023-05-08
spar sladoled,5.79,eur,1.0,hrana,2023-05-08
sir - gauda,13.13,eur,0.286,hrana,2023-05-08
kava s mlijekom,1.7,eur,1.0,hrana,2023-05-09
kava s mlijekom,1.7,eur,1.0,hrana,2023-05-10
tortillia - mexicana,3.3,eur,1.0,hrana,2023-05-10
ručak,9.5,eur,1.0,hrana,2023-05-10
kava s mlijekom,1.7,eur,2.0,hrana,2023-05-11
tortillia - mexicana,3.3,eur,2.0,hrana,2023-05-11
gorivo,1.39,eur,34.187,prijevoz,2023-05-11
Tekućina za leće,10.9,eur,1.0,oći,2023-05-11
tost 500g,2.59,eur,1.0,hrana,2023-05-11
sir - gauda,9.29,eur,0.228,hrana,2023-05-11
mortadela,14.99,eur,0.258,hrana,2023-05-11
milka čokolada,3.45,eur,1.0,hrana,2023-05-11
mlijeko,1.09,eur,1.0,hrana,2023-05-11
kava s mlijekom,1.7,eur,3.0,hrana,2023-05-12
tortillia - mexicana,3.3,eur,1.0,hrana,2023-05-12
ručak - menza,7.7,eur,1.0,hrana,2023-05-12
Stan Vinko Julija,50.0,eur,1.0,kuća,2023-05-12
cigarete - Vinko,4.7,eur,1.0,pušenje,2023-05-12
cigarete - Amid,10.8,eur,1.0,pušenje,2023-05-12
piće - Moje,13.8,eur,1.0,hrana,2023-05-12
McDelivery,15.29,eur,1.0,hrana,2023-05-12
Plaća,-634.0,eur,1.0,plaća,2023-05-13
piće,5.0,eur,3.0,hrana,2023-05-13
milka čokolada,3.45,eur,1.0,hrana,2023-05-14
purica - file,6.49,eur,1.0,hrana,2023-05-14
Kapula - 500g,1.59,eur,1.0,hrana,2023-05-14
krumpir - 2kg,1.99,eur,1.0,hrana,2023-05-14
kolač,6.6,eur,2.0,hrana,2023-05-14
kava s mlijekom,1.7,eur,1.0,hrana,2023-05-15
tortillia - mexicana,3.3,eur,1.0,hrana,2023-05-15
pržena riža,7.2,eur,1.0,hrana,2023-05-15
kava s mlijekom,1.7,eur,1.0,hrana,2023-05-16
tortillia - mexicana,3.3,eur,1.0,hrana,2023-05-16
ručak - Žiga i ja,9.4,eur,1.0,hrana,2023-05-16
gel za tuširanje,4.49,eur,1.0,higijena,2023-05-16
mlijeko - 3.5%,1.39,eur,1.0,hrana,2023-05-16
eurokrem čokolada,0.8,eur,3.0,hrana,2023-05-16
milka čokolada,3.45,eur,1.0,hrana,2023-05-16
dezodorans,4.18,eur,1.0,higijena,2023-05-16
kava s mlijekom,1.7,eur,1.0,hrana,2023-05-17
tortillia - mexicana,3.3,eur,1.0,hrana,2023-05-17
pohana piletina,14.99,eur,0.238,hrana,2023-05-17
coca cola,1.34,eur,1.0,hrana,2023-05-17
sir gauda,8.59,eur,0.22,hrana,2023-05-17
šunka,14.89,eur,0.282,hrana,2023-05-17
pašteta jetrena - 50g,0.76,eur,2.0,hrana,2023-05-17
nešto s kikirikijem što sam dao Guriju,10.99,eur,0.42,hrana,2023-05-17
kava s mlijekom,1.7,eur,2.0,hrana,2023-05-18
tortillia - mexicana,3.3,eur,2.0,hrana,2023-05-18
pribor za pušenje,9.1,eur,1.0,pušenje,2023-05-18
wolt dostava,9.8,eur,1.0,hrana,2023-05-18
tortillia - mexicana,3.3,eur,1.0,hrana,2023-05-19
kava s mlijekom,1.7,eur,1.0,hrana,2023-05-19
menza ručak,7.0,eur,1.0,hrana,2023-05-19
pivo,2.3,eur,1.0,hrana,2023-05-19
kinder  vafli,0.54,eur,2.0,hrana,2023-05-20
spar pahuljice punjene,2.52,eur,1.0,hrana,2023-05-20
spar pahuljice prazne,2.19,eur,1.0,hrana,2023-05-20
spar mlijeko 3.5%,1.09,eur,1.0,hrana,2023-05-20
pečena pileća prsa,11.99,eur,0.442,hrana,2023-05-20
prženi krumpir,5.99,eur,0.295,hrana,2023-05-20
kobasa sa sairom,12.49,eur,0.314,hrana,2023-05-20
sir - gauda,8.59,eur,0.15,hrana,2023-05-20
mortadela,14.99,eur,0.274,hrana,2023-05-20
namaste večera,18.0,eur,1.0,hrana,2023-05-20
pivo za dečke,16.5,eur,1.0,hrana,2023-05-20
ništa,0.0,eur,0.0,ništa,2023-05-21
kava s mlijekom,1.7,eur,1.0,hrana,2023-05-22
tortilia - meksička,3.3,eur,1.0,hrana,2023-05-22
menza - ručak,6.6,eur,1.0,hrana,2023-05-22
narudžba - wolt,18.6,eur,1.0,hrana,2023-05-22
kava s mlijekom,1.7,eur,2.0,hrana,2023-05-23
ručak - interšpar,12.7,eur,1.0,hrana,2023-05-23
ledena kava sa sladoledom,4.5,eur,2.0,hrana,2023-05-23
tost,2.79,eur,1.0,hrana,2023-05-23
kinder bueno,0.88,eur,1.0,hrana,2023-05-23
milka - keks,3.45,eur,1.0,hrana,2023-05-23
mlijeko - 3.5%,1.09,eur,1.0,hrana,2023-05-23
prženi krumpir,5.99,eur,0.192,hrana,2023-05-23
rebra,12.99,eur,0.172,hrana,2023-05-23
kava s mlijekom,1.7,eur,1.0,hrana,2023-05-24
makijato,1.2,eur,1.0,hrana,2023-05-24
tortillia - meksikana,3.3,eur,1.0,hrana,2023-05-24
makijato,1.2,eur,1.0,hrana,2023-05-25
ručak interšpar,7.69,eur,1.0,hrana,2023-05-25
narudžba mek,16.0,eur,1.0,hrana,2023-05-25
mafija ručak Vinko i Ja,9.9,eur,1.0,hrana,2023-05-26
rebra,14.49,eur,0.264,hrana,2023-05-26
prženi krumpir,5.99,eur,0.28,hrana,2023-05-26
grah - smeđi,1.38,eur,1.0,hrana,2023-05-26
riža za rižoto,3.42,eur,1.0,hrana,2023-05-26
kukuruz,1.19,eur,1.0,hrana,2023-05-26
alpsko mlijeko,1.49,eur,1.0,hrana,2023-05-26
šug od pome,0.59,eur,2.0,hrana,2023-05-26
pureći file,6.49,eur,1.0,hrana,2023-05-26
king double mini x4,3.88,eur,1.0,hrana,2023-05-26
duhan golden virginia,6.5,eur,1.0,pušenje,2023-05-26
košulja,13.0,eur,1.0,roba,2023-05-27
kratke hraće,30.0,eur,1.0,roba,2023-05-27
splitter,12.0,eur,1.0,tehnologija,2023-05-27
spar pahuljice,2.19,eur,1.0,hrana,2023-05-27
spar pahuljice premium,3.59,eur,1.0,hrana,2023-05-27
pohani krumpir,4.99,eur,0.136,hrana,2023-05-27
kobasa,12.49,eur,0.154,hrana,2023-05-27
kečap - heinz,4.89,eur,1.0,hrana,2023-05-27
spar sladoled,5.79,eur,1.0,hrana,2023-05-27
palačinka,9.9,eur,1.0,hrana,2023-05-28
kava s mlijekom,1.7,eur,1.0,hrana,2023-05-29
tortilla - meksikana,3.3,eur,1.0,hrana,2023-05-29
makijato,1.5,eur,2.0,hrana,2023-05-30
tortilla - meksikana,3.3,eur,1.0,hrana,2023-05-30
salata,4.4,eur,1.0,hrana,2023-05-30
shopping - interšpar,10.41,eur,1.0,hrana,2023-05-30
makijato,1.5,eur,2.0,hrana,2023-05-31
tortilla - meksikana,3.3,eur,1.0,hrana,2023-05-31
interšpar,14.06,eur,1.0,hrana,2023-05-31
kava s mlijekom,1.7,eur,4.0,hrana,2023-06-01
interšpar,9.69,eur,1.0,hrana,2023-06-01
muller,6.98,eur,1.0,hrana,2023-06-01
wolt - narudžba,17.29,eur,1.0,hrana,2023-06-02
pureći medaljoni,5.99,eur,1.0,hrana,2023-06-03
kukuruz,1.19,eur,1.0,hrana,2023-06-03
fažol crveni,0.6,eur,1.0,hrana,2023-06-03
šampinjoni,1.38,eur,1.0,hrana,2023-06-03
nesterilna gaza,5.12,eur,1.0,higijena,2023-06-03
Ethernet kabel,3.99,eur,1.0,tehnologija,2023-06-03
naljepnice,2.99,eur,1.0,tehnologija,2023-06-03
duhan golden virginia - origina,6.5,eur,1.0,pušenje,2023-06-04
rizle,0.65,eur,1.0,pušenje,2023-06-04
kava,3.5,eur,1.0,hrana,2023-06-04
espresso,1.3,eur,1.0,hrana,2023-06-05
makijato,1.5,eur,1.0,hrana,2023-06-05
ručak,6.6,eur,1.0,hrana,2023-06-05
interšpar,8.74,eur,1.0,hrana,2023-06-05
pad nam piletina,7.2,eur,1.0,hrana,2023-06-06
pad nam piletina ljuti,7.5,eur,1.0,hrana,2023-06-06
kinder bueno,0.94,eur,1.0,hrana,2023-06-06
tuc slani,1.14,eur,1.0,hrana,2023-06-06
menza ručak,6.6,eur,1.0,hrana,2023-06-06
pivo - union nefiltrirano tamno,3.1,eur,2.0,hrana,2023-06-06
tortilla - mexicana,3.3,eur,2.0,hrana,2023-06-07
makijato,1.5,eur,1.0,hrana,2023-06-07
autobus,39.0,eur,1.0,prijevoz,2023-06-07
nutella,4.72,eur,1.0,hrana,2023-06-07
kruh,1.39,eur,1.0,hrana,2023-06-07
pohana piletina,3.45,eur,1.0,hrana,2023-06-07
tortillia,3.69,eur,1.0,hrana,2023-06-07
plaća,-2105.12,eur,1.0,plaća,2023-06-08
filteri,0.65,eur,1.0,pušenje,2023-06-08
kava s Žigom,4.5,eur,1.0,hrana,2023-06-08
makijato,1.5,eur,1.0,hrana,2023-06-08
mlijeko - 3.5%,1.49,eur,2.0,hrana,2023-06-09
kroasan,0.59,eur,2.0,hrana,2023-06-09
banane,1.59,eur,1.0,hrana,2023-06-09
suncokretovo ulje,2.98,eur,1.0,hrana,2023-06-09
kava s mlijekom,1.7,eur,2.0,hrana,2023-06-09
cedevita,2.0,eur,1.0,hrana,2023-06-09
zvučnici,21.99,eur,1.0,tehnologija,2023-06-10
sig - gauda,9.29,eur,0.233,hrana,2023-06-10
pohani sir,12.99,eur,0.084,hrana,2023-06-10
pohana piletina,14.99,eur,0.156,hrana,2023-06-10
prženi krumpir,5.99,eur,0.586,hrana,2023-06-10
kuhana šunka,16.49,eur,0.322,hrana,2023-06-10
nutella,5.29,eur,1.0,hrana,2023-06-10
brašno,1.49,eur,1.0,hrana,2023-06-10
vanilin šećer,1.13,eur,1.0,hrana,2023-06-10
maslac 250g,4.19,eur,1.0,hrana,2023-06-10
jaja 6,3.46,eur,1.0,hrana,2023-06-10
ništa,0.0,eur,0.0,ništa,2023-06-11
gorivo,1.412,eur,33.3,prijevoz,2023-06-12
hrvatske autoceste,1.0,eur,2.0,prijevoz,2023-06-12
plaća OTP,-680.0,eur,1.0,plaća,2023-06-12
pića svima,50.0,eur,1.0,hrana,2023-06-12
makijato,1.5,eur,2.0,hrana,2023-06-13
tortilla - meksikana,3.3,eur,1.0,hrana,2023-06-13
ulje za motor,26.41,eur,1.0,prijevoz,2023-06-13
duhan - golden virginia,6.5,eur,1.0,pušenje,2023-06-13
rizle,0.6,eur,1.0,pušenje,2023-06-13
salata,4.4,eur,1.0,hrana,2023-06-13
wolt - McDonalds,17.16,eur,1.0,hrana,2023-06-13
makijato,1.5,eur,1.0,hrana,2023-06-14
tortillia - mexicana,3.3,eur,2.0,hrana,2023-06-14
kava s mlijekom,1.7,eur,1.0,hrana,2023-06-14
espresso,1.5,eur,1.0,hrana,2023-06-14
rođendanski poklon,-100.0,eur,1.0,plaća,2023-06-14
makijato,1.5,eur,1.0,hrana,2023-06-15
tortillia - vegetarijana,3.3,eur,1.0,hrana,2023-06-15
večera s timom,74.2,eur,1.0,hrana,2023-06-15
palačinka kinder bueno,14.59,eur,1.0,hrana,2023-06-15
makijato,1.5,eur,2.0,hrana,2023-06-16
espresso,1.3,eur,3.0,hrana,2023-06-16
cocta,2.1,eur,1.0,hrana,2023-06-16
taxi,10.0,eur,1.0,prijevoz,2023-06-16
tortillia - vegetarijana,3.3,eur,1.0,hrana,2023-06-16
rođendanska večera s dečkima,68.7,eur,1.0,hrana,2023-06-16
ručak,33.1,eur,1.0,hrana,2023-06-17
makijato,1.7,eur,2.0,hrana,2023-06-17
pića,33.5,eur,1.0,hrana,2023-06-18
pića,16.0,eur,1.0,hrana,2023-06-18
pića,32.0,eur,1.0,hrana,2023-06-18
wolt - narudžba,24.13,eur,1.0,hrana,2023-06-18
makijato,1.5,eur,1.0,hrana,2023-06-19
tortillia - meksikana,3.3,eur,1.0,hrana,2023-06-19
ručak - interšpar,9.61,eur,1.0,hrana,2023-06-19
nutella,6.29,eur,1.0,hrana,2023-06-19
rogljić čokolada,0.98,eur,2.0,hrana,2023-06-19
rogljić,0.59,eur,2.0,hrana,2023-06-19
banane,1.59,eur,1.384,hrana,2023-06-19
ručak - interšpar,10.08,eur,1.0,hrana,2023-06-20
pivo,5.0,eur,1.0,hrana,2023-06-20
steam igra,8.98,eur,1.0,igra,2023-06-20
kruh mišani 500g,3.05,eur,1.0,hrana,2023-06-20
pahuljice - punjene,2.52,eur,1.0,hrana,2023-06-20
pića - ekipa,12.51,eur,1.0,hrana,2023-06-21
hrana mafija,9.4,eur,1.0,hrana,2023-06-22
hrana namaste,11.7,eur,1.0,hrana,2023-06-22
parking,2.0,eur,1.0,prijevoz,2023-06-22
nutella,6.1,eur,1.0,hrana,2023-06-23
stanarina 5. i 6. mj.,400.3,eur,1.0,stanarina,2023-06-23
interšpar - ručak,14.3,eur,1.0,hrana,2023-06-23
zološki vrt,10.0,eur,1.0,zabava,2023-06-24
magnet za frižider,3.8,eur,2.0,suvenir,2023-06-24
banane,1.49,eur,1.322,hrana,2023-06-24
sir - gauda,8.59,eur,0.156,hrana,2023-06-24
pršut,23.99,eur,0.2,hrana,2023-06-24
pića,58.0,eur,1.0,hrana,2023-06-24
narudžba - wolt,21.0,eur,1.0,hrana,2023-06-25
kruh,4.0,eur,1.0,hrana,2023-06-26
dim sum,9.99,eur,0.178,hrana,2023-06-27
riži biži,3.59,eur,0.482,hrana,2023-06-27
pohana krilca,14.49,eur,0.348,hrana,2023-06-27
kinder bueno,0.88,eur,2.0,hrana,2023-06-27
kinder cards,0.54,eur,2.0,hrana,2023-06-27
makijato,1.5,eur,1.0,hrana,2023-06-28
kava s mlijekom,1.7,eur,1.0,hrana,2023-06-28
cigarete - Vinko,4.7,eur,1.0,pušenje,2023-06-28
riži biži,3.59,eur,0.401,hrana,2023-06-28
tortillia - piletina,3.69,eur,2.0,hrana,2023-06-28
sir gauda,13.13,eur,0.196,hrana,2023-06-28
pečeni pršut,23.99,eur,0.224,hrana,2023-06-28
pileća krilca,14.99,eur,0.22,hrana,2023-06-28
mlijeko 3.5%,1.49,eur,1.0,hrana,2023-06-28
večera,14.0,eur,1.0,hrana,2023-06-28
dopunsko zdravstvo - slovenija,35.67,eur,1.0,zdravstvo,2023-06-29
čoko kocke 6,3.28,eur,1.0,hrana,2023-06-29
mlijeko 3.5%,1.44,eur,1.0,hrana,2023-06-29
sladoled,4.69,eur,1.0,hrana,2023-06-29
nutella,4.04,eur,1.0,hrana,2023-06-29
espresso,1.5,eur,1.0,hrana,2023-06-30
makijato,1.5,eur,1.0,hrana,2023-06-30
tost,3.1,eur,1.0,hrana,2023-06-30
gorivo,1.424,eur,37.29,prijevoz,2023-06-30
septolete,5.84,eur,1.0,zdravstvo,2023-06-30
lekadol,8.39,eur,1.0,zdravstvo,2023-06-30
bepanten,9.14,eur,1.0,zdravstvo,2023-07-01
flasteri,2.48,eur,1.0,zdravstvo,2023-07-01
med,12.39,eur,1.0,hrana,2023-07-01
čaj - detox,2.39,eur,1.0,hrana,2023-07-01
čaj - immun,2.38,eur,1.0,hrana,2023-07-01
gel za tuširanje,4.49,eur,1.0,zdravstvo,2023-07-01
limun,1.87,eur,0.72,hrana,2023-07-01
wolt - narudžba,26.39,eur,1.0,hrana,2023-07-01
wolt - narudžba,26.39,eur,1.0,hrana,2023-07-02
wolt - narudžba,16.39,eur,1.0,hrana,2023-07-02
limun,1.89,eur,1.444,hrana,2023-07-03
jabuke,1.39,eur,1.137,hrana,2023-07-03
septolete - strepsils limun,7.66,eur,1.0,zdravstvo,2023-07-03
riži biži,3.59,eur,0.32,hrana,2023-07-03
sol 1 kg,0.59,eur,1.0,hrana,2023-07-03
pečeni krumpiri,4.49,eur,0.232,hrana,2023-07-03
tortillia - goveđa,3.69,eur,2.0,hrana,2023-07-03
clever fit - narukvica,40.0,eur,1.0,fitnes,2023-07-03
tuna,5.55,eur,1.0,hrana,2023-07-04
marmelada,3.68,eur,1.0,hrana,2023-07-04
riži biži,3.59,eur,0.217,hrana,2023-07-04
frutela bar,0.79,eur,1.0,hrana,2023-07-04
pečena rebra,14.49,eur,0.648,hrana,2023-07-04
tablete - paracetamol,2.44,eur,1.0,zdravstvo,2023-07-05
pileći batak bez kosti,7.29,eur,1.0,hrana,2023-07-05
kruh,3.05,eur,1.0,hrana,2023-07-05
kapula 500g,2.49,eur,1.0,hrana,2023-07-05
pasirani pomidor,0.59,eur,2.0,hrana,2023-07-05
energy bar,1.89,eur,1.0,hrana,2023-07-05
nutella - 700 g,4.39,eur,1.0,hrana,2023-07-05
jalapenios 340g,1.49,eur,1.0,hrana,2023-07-05
tuna 4 x 80 g,5.19,eur,1.0,hana,2023-07-05
paprika,3.49,eur,0.381,hrana,2023-07-05
limun,1.89,eur,0.714,hrana,2023-07-05
ništa,0.0,eur,0.0,ništa,2023-07-06
busna karta,37.0,eur,1.0,prijevoz,2023-07-07
makijato,1.5,eur,1.0,hrana,2023-07-07
espresso,1.3,eur,1.0,hrana,2023-07-07
večera sa Zalom,52.0,eur,1.0,hrana,2023-07-07
plaća,-1255.39,eur,1.0,plaća,2023-07-08
pašta,1.55,eur,1.0,hrana,2023-07-08
puding protein,1.88,eur,1.0,hrana,2023-07-08
protein bar,1.48,eur,1.0,hrana,2023-07-08
kiselo vrhnje,1.09,eur,1.0,hrana,2023-07-08
mozarella,0.99,eur,1.0,hrana,2023-07-08
kruh,3.05,eur,1.0,hrana,2023-07-08
mlijeko 3.5,1.49,eur,1.0,hrana,2023-07-08
HAC,12.0,eur,1.0,prijevoz,2023-07-09
kornet šlag 450 g,3.15,eur,1.0,hrana,2023-07-09
sladoled 1 kg,4.38,eur,1.0,hrana,2023-07-09
mlijeko 1l,1.0,eur,12.0,hrana,2023-07-10
kroasan,0.89,eur,3.0,hrana,2023-07-10
pranje auta,3.0,eur,1.0,prijevoz,2023-07-10
častio s burgerima,42.6,eur,1.0,hrana,2023-07-10
hlaće za sport,20.0,eur,1.0,zdravstvo,2023-07-11
hlaće za sport,28.0,eur,1.0,zdravstvo,2023-07-11
ništa,0.0,eur,0.0,ništa,2023-07-12
gorivo,1.44,eur,36.75,prijevoz,2023-07-13
ništa,0.0,eur,0.0,ništa,2023-07-14
trajek,13.2,eur,1.0,prijevoz,2023-07-15
kornet šlag 450 g,3.15,eur,1.0,hrana,2023-07-15
sladoled 1 kg,4.38,eur,1.0,hrana,2023-07-15
ništa,0.0,eur,0.0,ništa,2023-07-16
tikvice,0.84,eur,1.0,hrana,2023-07-17
putovnica,43.84,eur,1.0,dokument,2023-07-17
kornet šlag 450 g,3.15,eur,1.0,hrana,2023-07-17
sladoled 1 kg,3.58,eur,1.0,hrana,2023-07-17
plaćanje takse za Upravnu Enotu,22.22,eur,1.0,birokracija,2023-07-18
omega 3 kapsule - 180,10.95,eur,1.0,hrana,2023-07-18
Cluster Dextrin - 1 kg,25.95,eur,1.0,hrana,2023-07-18
Protein True Whey - 2.5 kg,39.95,eur,1.0,hrana,2023-07-18
sladoled - limeta,3.15,eur,1.0,hrana,2023-07-18
coca cola,1.15,eur,1.0,hrana,2023-07-18
cestarina,12.0,eur,1.0,prijevoz,2023-07-19
kapula,1.59,eur,1.0,hrana,2023-07-19
sardine,1.37,eur,1.0,hrana,2023-07-19
pileći file,5.92,eur,1.0,hrana,2023-07-19
grožđe,2.99,eur,0.933,hrana,2023-07-19
kukuruz 3x160g,2.98,eur,1.0,hrana,2023-07-19
crveni fažol 3x160g,3.19,eur,1.0,hrana,2023-07-19
tuna u ulju,4.12,eur,2.0,hrana,2023-07-19
pomidor pasirani,0.59,eur,1.0,hrana,2023-07-19
ogledalo,5.99,eur,1.0,higijena,2023-07-19
vaga,39.99,eur,1.0,zdravstvo,2023-07-20
članarina za teretanu,32.65,eur,1.0,zdravstvo,2023-07-20
mlijeko 3.5%,1.49,eur,2.0,hrana,2023-07-21
grožđe,2.82,eur,1.0,hrana,2023-07-21
cornflakes,2.45,eur,1.0,hrana,2023-07-21
skuša weekend,3.48,eur,1.0,hrana,2023-07-21
kruh mišani,3.05,eur,1.0,hrana,2023-07-21
šampinjoni 0.5 kg,1.99,eur,1.0,hrana,2023-07-22
file pileći,10.99,eur,0.898,hrana,2023-07-22
granola choco 200g,3.99,eur,1.0,hrana,2023-07-22
vrećice za zamrzavanje,3.99,eur,1.0,hrana,2023-07-22
pasta za zube,3.49,eur,1.0,higijena,2023-07-22
pasta za zube - ugljen,3.49,eur,1.0,higijena,2023-07-22
sriracha umak,4.19,eur,1.0,hrana,2023-07-22
skuša picnic,4.74,eur,1.0,hrana,2023-07-22
pivo x6,5.5,eur,1.0,hrana,2023-07-22
Lose it!,23.76,eur,1.0,zdravstvo,2023-07-23
felafel,28.69,eur,1.0,hrana,2023-07-24
alpsko mlijeko 3.5%,1.49,eur,1.0,hrana,2023-07-24
alpsko mlijeko 1.5%,1.49,eur,1.0,hrana,2023-07-24
granola choco 200g,3.99,eur,1.0,hrana,2023-07-24
prašak za robu,11.6,eur,1.0,higijena,2023-07-24
omekšivač,6.38,eur,1.0,higijena,2023-07-24
pasata,0.59,eur,2.0,hrana,2023-07-25
pesto bazilika,2.15,eur,1.0,hrana,2023-07-25
skuša file,1.72,eur,1.0,hrana,2023-07-25
sir - mozzarella,3.29,eur,1.0,hrana,2023-07-25
puretina - kuhana - rezana,10.79,eur,0.196,hrana,2023-07-25
grana padano,4.95,eur,1.0,hrana,2023-07-25
igra - sniper elite 5,16.99,eur,1.0,zabava,2023-07-25
povrat od nabave,-20.0,eur,1.0,plaća,2023-07-26
banane,1.49,eur,1.43,hrana,2023-07-26
grožđe,2.99,eur,1.355,hrana,2023-07-26
riža - 1 kg,3.89,eur,1.0,hrana,2023-07-26
grčki jogurt,1.99,eur,1.0,hrana,2023-07-26
kruh,2.99,eur,1.0,hrana,2023-07-27
pureća salama,18.39,eur,0.332,hrana,2023-07-27
grah 3x200 g,2.23,eur,1.0,hrana,2023-07-27
skuša file,1.17,eur,1.0,hrana,2023-07-27
ništa,0.0,eur,1.0,ništa,2023-07-28
žitna ploščica,3.49,eur,2.0,hrana,2023-07-29
ruksak,24.99,eur,1.0,kućanstvo,2023-07-29
ručak - interšpar,8.65,eur,1.0,hrana,2023-07-29
piva,3.5,eur,2.0,hrana,2023-07-29
dopunsko osiguranje,35.67,eur,1.0,zdravstvo,2023-07-29
ništa,0.0,eur,0.0,ništa,2023-07-30
espresso,1.5,eur,1.0,hrana,2023-07-31
coca cola diet 0.25l,2.9,eur,1.0,hrana,2023-07-31
gorivo,1.456,eur,36.84,prijevoz,2023-07-31
stanarina 7. i 8. mj. i režije,378.4,eur,1.0,stanarina,2023-08-01
mobitel samsung galaxy A54,280.8,eur,1.0,tehnologija,2023-08-01
purica - kuhana šunka,10.85,eur,0.35,hrana,2023-08-01
puretina,6.54,eur,1.35,hrana,2023-08-01
kruh raženi,3.3,eur,1.0,hrana,2023-08-01
potvrda o prijavi boravišta,12.32,eur,1.0,birokracija,2023-08-01
epsresso,1.3,eur,3.0,hrana,2023-08-02
cocta,3.9,eur,1.0,hrana,2023-08-02
makijato,1.7,eur,1.0,hrana,2023-08-02
epsresso,1.3,eur,1.0,hrana,2023-08-03
grčki jogurt,0.625,eur,4.0,hrana,2023-08-03
puding proteinski 200g,1.39,eur,2.0,hrana,2023-08-03
sir za žar,2.99,eur,1.0,hrana,2023-08-03
sir - laki 150g,2.75,eur,1.0,hrana,2023-08-03
tortillia 320 g,3.98,eur,1.0,hrana,2023-08-03
skuša picnic,4.74,eur,2.0,hrana,2023-08-03
spar salsa - hot,1.19,eur,1.0,hrana,2023-08-03
spar jalapenos 340g,1.49,eur,1.0,hrana,2023-08-03
despar kapulice 300g,1.08,eur,1.0,hrana,2023-08-03
artičoki u ulju,4.65,eur,1.0,hrana,2023-08-03
kukuruz 3x160g,2.98,eur,1.0,hrana,2023-08-04
fažol crveni 3x190g,3.19,eur,1.0,hrana,2023-08-04
igra - baldurs gate,59.99,eur,1.0,igra,2023-08-04
Mousse 200g - čokolada,1.89,eur,1.0,hrana,2023-08-05
Mousse 200g - vanilija,1.89,eur,1.0,hrana,2023-08-05
puding vanilija 200g,1.39,eur,2.0,hrana,2023-08-05
pileća salama,13.19,eur,0.24,hrana,2023-08-05
salsa vruća,2.79,eur,1.0,hrana,2023-08-05
sir laki,2.75,eur,1.0,hrana,2023-08-05
tortillie,1.29,eur,1.0,hrana,2023-08-05
voda - jana 6x1.5l,2.75,eur,1.0,hrana,2023-08-05
ništa,0.0,eur,0.0,ništa,2023-08-06
piće i hrana,12.5,eur,1.0,hrana,2023-08-07
tablete euthyrox 25 - 50,4.48,eur,1.0,zdravstvo,2023-08-07
skuša piknik,4.47,eur,2.0,hrana,2023-08-07
spar hp jogurt,1.54,eur,1.0,hrana,2023-08-07
spar tuna salata,2.39,eur,1.0,hrana,2023-08-07
skuša file,2.15,eur,3.0,hrana,2023-08-07
desert mousse,1.89,eur,2.0,hrana,2023-08-07
soja umak,3.49,eur,1.0,hrana,2023-08-07
meglio - čišćenje površina,3.75,eur,1.0,higijena,2023-08-07
ajax - čišćenje površina,2.89,eur,1.0,higijena,2023-08-07
kapula 1.5kg,2.49,eur,1.0,hrana,2023-08-08
desert mousse,1.89,eur,2.0,hrana,2023-08-08
spar tuna,2.39,eur,1.0,hrana,2023-08-08
kava,2.0,eur,1.0,hrana,2023-08-09
bbq sir,2.99,eur,1.0,hrana,2023-08-09
kruh 500g,2.99,eur,1.0,hrana,2023-08-09
desert hp mousse 200g,1.42,eur,2.0,hrana,2023-08-09
puding hp ehrmann 200g,1.04,eur,1.0,hrana,2023-08-09
kava s rainerom,10.0,eur,1.0,hrana,2023-08-09
hzzo dopunsko,9.35,eur,1.0,zdravstvo,2023-08-10
file pileći,7.55,eur,1.0,hrana,2023-08-10
pileća šunka,13.12,eur,0.262,hrana,2023-08-10
tortillie,2.79,eur,1.0,hrana,2023-08-10
plaća,-1250.55,eur,1.0,plaća,2023-08-11
piće guri,5.0,eur,1.0,hrana,2023-08-11
šug od pome,0.59,eur,2.0,hrana,2023-08-12
skyr 400g,1.79,eur,1.0,hrana,2023-08-12
zob 500g,1.29,eur,1.0,hrana,2023-08-12
proteini vanilija 30g,1.19,eur,2.0,hrana,2023-08-12
vanilin ekstrakt,0.29,eur,1.0,hrana,2023-08-12
grah 3x200g,3.19,eur,1.0,hrana,2023-08-12
bbq sir,2.99,eur,2.0,hrana,2023-08-12
jaja x10,4.56,eur,1.0,hrana,2023-08-12
majica,4.0,eur,1.0,hrana,2023-08-12
pića,13.1,eur,1.0,hrana,2023-08-12
radler,3.5,eur,1.0,hrana,2023-08-13
crno pivo,4.0,eur,1.0,hrana,2023-08-13
cigarete,4.7,eur,1.0,hrana,2023-08-13
hrana,15.0,eur,1.0,hrana,2023-08-13
ništa,0.0,eur,0.0,ništa,2023-08-14
pileća šunka,13.19,eur,0.194,hrana,2023-08-14
mlijeko 1.5%,1.49,eur,1.0,hrana,2023-08-14
mousse 200g,1.89,eur,4.0,hrana,2023-08-14
grčki jogurt despar,0.69,eur,2.0,hrana,2023-08-14
protein bar banana,1.39,eur,2.0,hrana,2023-08-14
kifla,0.6,eur,1.0,hrana,2023-08-15
kava,6.0,eur,1.0,hrana,2023-08-15
pileća šunka,15.49,eur,0.256,hrana,2023-08-16
pršut pečeni,16.99,eur,0.2,hrana,2023-08-16
sir laki,2.75,eur,1.0,hrana,2023-08-16
kruh,2.99,eur,1.0,hrana,2023-08-16
puding HP,1.05,eur,4.0,hrana,2023-08-16
protein bar banana,1.39,eur,2.0,hrana,2023-08-16
espresso,1.3,eur,2.0,hrana,2023-08-17
hrana,21.0,eur,1.0,hrana,2023-08-17
šišanje,6.0,eur,1.0,higijena,2023-08-18
sir laki,2.75,eur,1.0,hrana,2023-08-18
mousse 200g,1.42,eur,2.0,hrana,2023-08-18
sladoled karamela,8.48,eur,1.0,hrana,2023-08-18
čaj - imunološki,2.05,eur,1.0,hrana,2023-08-18
protein bar,1.39,eur,2.0,hrana,2023-08-18
pića s gurijem,14.2,eur,1.0,hrana,2023-08-18
sladoled ben&jerry,5.49,eur,1.0,hrana,2023-08-19
gel za tuširanje,3.37,eur,1.0,higijena,2023-08-19
protein bar,1.39,eur,4.0,hrana,2023-08-19
gorivo,1.511,eur,22.11,prijevoz,2023-08-19
king double,3.29,eur,1.0,hrana,2023-08-19
wolt narudžba,20.09,eur,1.0,hrana,2023-08-19
HAC - cestarina,0.9,eur,1.0,prijevoz,2023-08-20
sendvič pršut,8.9,eur,1.0,hrana,2023-08-20
espresso,3.3,eur,1.0,hrana,2023-08-20
McDonalds Hannover,9.79,eur,1.0,hrana,2023-08-20
cigarete,10.2,eur,1.0,pušenje,2023-08-21
večera,22.4,eur,1.0,hrana,2023-08-21
grickalice,3.98,eur,1.0,hrana,2023-08-21
pivo x6,4.97,eur,1.0,hrana,2023-08-21
fitnes,34.9,eur,1.0,fitnes,2023-08-21
banana,2.49,eur,1.0,hrana,2023-08-22
Enchilada hannover,32.1,eur,1.0,hrana,2023-08-23
studentenwerk hannover,10.73,eur,1.0,hrana,2023-08-23
rewe,15.55,eur,1.0,hrana,2023-08-24
Ustra,1.7,eur,1.0,hrana,2023-08-24
beer,5.0,eur,3.0,hrana,2023-08-24
studentenwerk hannover,5.7,eur,1.0,hrana,2023-08-25
studentenwerk hannover,7.65,eur,1.0,hrana,2023-08-25
refund,-2.0,eur,1.0,hrana,2023-08-25
To Judithh Gonzales,10.0,eur,1.0,prijevoz,2023-08-26
sendvič aerodrom frankfurt,8.9,eur,1.0,hrana,2023-08-26
wolt - McDonalds,17.99,eur,1.0,hrana,2023-08-26
Parking,42.0,eur,1.0,prijevoz,2023-08-26
wolt - lars and sven,14.39,eur,1.0,hrana,2023-08-27
posla šolde Dennisu,20.0,eur,1.0,prijevoz,2023-08-27
McDonalds,3.9,eur,1.0,hrana,2023-08-27
espresso,1.3,eur,1.0,hrana,2023-08-28
tortilla - meksikana,3.3,eur,2.0,hrana,2023-08-28
šoping - špar s Doris,30.37,eur,1.0,hrana,2023-08-28
makijato,1.7,eur,2.0,hrana,2023-08-28
gorivo,1.511,eur,25.05,prijevoz,2023-08-28
sprej za grlo,11.2,eur,1.0,zdravstvo,2023-08-28
kava,8.8,eur,1.0,hrana,2023-08-29
patike,24.99,eur,1.0,higijena,2023-08-30
dopusnsko zdravstveno,35.67,eur,1.0,zdravstvo,2023-08-31
piće mafija,7.9,eur,1.0,hrana,2023-09-01
protein bar banana,1.39,eur,4.0,hrana,2023-09-01
sarajevo '84,54.0,eur,1.0,hrana,2023-09-01
kava - egoist,19.1,eur,1.0,hrana,2023-09-02
dućan - interšpar,26.82,eur,1.0,hrana,2023-09-02
wolt,18.0,eur,1.0,hrana,2023-09-02
hrana kineski restora,18.2,eur,1.0,hrana,2023-09-03
kava i jelo,10.9,eur,1.0,hrana,2023-09-04
ostenicept,12.68,eur,1.0,medicina,2023-09-04
hrana špar,19.66,eur,1.0,hrana,2023-09-04
kava i ručak,4.6,eur,1.0,hrana,2023-09-05
kava i ručak,4.8,eur,1.0,hrana,2023-09-05
hrana špar,44.5,eur,1.0,hrana,2023-09-05
lpp račun,37.0,eur,1.0,prijevoz,2023-09-06
pivo,0.69,eur,6.0,hrana,2023-09-06
espresso,1.3,eur,2.0,hrana,2023-09-06
tortillia,3.3,eur,2.0,hrana,2023-09-06
espresso,1.3,eur,2.0,hrana,2023-09-07
tortillia,3.3,eur,2.0,hrana,2023-09-07
cocta,2.1,eur,1.0,hrana,2023-09-07
palačinke,15.6,eur,1.0,hrana,2023-09-07
espresso,1.3,eur,1.0,hrana,2023-09-08
tortillia,3.3,eur,1.0,hrana,2023-09-08
plaća,-1254.65,eur,1.0,plaća,2023-09-08
gorivo,1.52,eur,23.8,prijevoz,2023-09-09
HAC,0.8,eur,1.0,prijevoz,2023-09-09
piletina,8.46,eur,1.0,hrana,2023-09-09
wolt hrana,19.79,eur,1.0,hrana,2023-09-09
parking,4.5,eur,1.0,prijevoz,2023-09-09
wolt hrana,16.29,eur,1.0,hrana,2023-09-10
espresso,1.3,eur,2.0,hrana,2023-09-11
tortillia,3.3,eur,1.0,hrana,2023-09-11
špar slatko,10.0,eur,1.0,hrana,2023-09-11
hrana,4.6,eur,2.0,hrana,2023-09-12
hrana,7.28,eur,1.0,hrana,2023-09-12
špar,13.01,eur,1.0,hrana,2023-09-12
parking,2.0,eur,1.0,prijevoz,2023-09-12
espresso,1.3,eur,1.0,hrana,2023-09-13
espresso,1.3,eur,1.0,hrana,2023-09-14
tortillia,3.3,eur,1.0,hrana,2023-09-14
špar,11.96,eur,1.0,hrana,2023-09-14
espresso,1.3,eur,2.0,hrana,2023-09-15
tortillia,3.3,eur,1.0,hrana,2023-09-15
makijato,1.5,eur,1.0,hrana,2023-09-15
gorivo,1.551,eur,33.1,prijevoz,2023-09-15
cestarina,12.0,eur,1.0,prijevoz,2023-09-15
plaća,-512.32,eur,1.0,plaća,2023-09-15
ništa,0.0,eur,0.0,ništa,2023-09-16
zdravstveno,9.35,eur,1.0,zdravstvo,2023-09-17
A1 pretplata račun,17.06,eur,1.0,tehnologija,2023-09-17
McDonalds kolačić,1.5,eur,4.0,hrana,2023-09-17
wolt,54.79,eur,1.0,hrana,2023-09-18
cestarina,12.0,eur,1.0,prijevoz,2023-09-18
gorivo,1.58,eur,31.22,prijevoz,2023-09-18
kazna,38.0,eur,1.0,prijevoz,2023-09-18
sladoled,5.69,eur,1.0,hrana,2023-09-18
espresso,1.3,eur,1.0,hrana,2023-09-19
dućan,14.8,eur,1.0,hrana,2023-09-19
pivo,11.98,eur,1.0,hrana,2023-09-19
cigarete,4.75,eur,1.0,pušenje,2023-09-19
McDonalds,5.0,eur,1.0,hrana,2023-09-19
espresso,1.3,eur,1.0,hrana,2023-09-20
keks,2.2,eur,1.0,hrana,2023-09-20
espresso,1.3,eur,1.0,hrana,2023-09-21
vutra,15.0,eur,2.0,pušenje,2023-09-21
grinder,23.0,eur,1.0,pušenje,2023-09-21
fitnes,34.9,eur,1.0,fitnes,2023-09-21
sladoled,3.4,eur,1.0,hrana,2023-09-21
kava i doručak,7.8,eur,1.0,hrana,2023-09-22
espresso,1.3,eur,1.0,hrana,2023-09-22
narudžbda wolt,31.39,eur,1.0,hrana,2023-09-22
interšpar,20.43,eur,1.0,hrana,2023-09-23
captain's cabin,24.1,eur,1.0,hrana,2023-09-23
kebab,10.0,eur,1.0,hrana,2023-09-23
pekara,10.0,eur,1.0,hrana,2023-09-24
espresso,1.3,eur,1.0,hrana,2023-09-25
tortillia,3.3,eur,2.0,hrana,2023-09-25
espresso,1.3,eur,2.0,hrana,2023-09-26
tortillia,3.3,eur,1.0,hrana,2023-09-26
makijato,1.5,eur,1.0,hrana,2023-09-26
kava s mlijekom,1.7,eur,1.0,hrana,2023-09-26
sendvič piletina,3.2,eur,1.0,hrana,2023-09-26
protein bar,1.39,eur,2.0,hrana,2023-09-26
mlijeko - 3.5%,1.39,eur,2.0,hrana,2023-09-26
keksi,2.37,eur,2.0,hrana,2023-09-26
sendvič piletina,3.2,eur,2.0,hrana,2023-09-27
espresso,1.3,eur,1.0,hrana,2023-09-27
čips,1.98,eur,2.0,hrana,2023-09-27
sendvič piletina,3.2,eur,1.0,hrana,2023-09-28
espresso,1.3,eur,1.0,hrana,2023-09-28
kava sa Zalom i Alenkom,24.4,eur,1.0,hrana,2023-09-28
espresso,1.3,eur,1.0,hrana,2023-09-29
sendvič,3.2,eur,1.0,hrana,2023-09-29
keks,2.2,eur,1.0,hrana,2023-09-29
cocta,2.1,eur,1.0,hraa,2023-09-29
večera,103.3,eur,1.0,hrana,2023-09-29
gorivo,1.588,eur,38.0226,prijevoz,2023-09-30
novčanik,6.99,eur,1.0,odječa,2023-09-30
kaiš,18.99,eur,1.0,odječa,2023-09-30
ručak,6.2,eur,1.0,hrana,2023-09-30
cipele,49.9,eur,1.0,odječa,2023-09-30
košulja,49.99,eur,1.0,odječa,2023-09-30
vođenje računa,1.19,eur,1.0,banka,2023-09-30
vođenje računa,1.59,eur,1.0,banka,2023-09-30
narudžba - wolt,19.79,eur,1.0,hrana,2023-09-30
burek,13.7,eur,1.0,hrana,2023-10-01
pića,26.7,eur,1.0,hrana,2023-10-01
guri časti,-5.0,eur,1.0,hrana,2023-10-01
dopunsko zdravstvo,9.35,eur,1.0,zdravstvo,2023-10-01
dopunsko zdravstvo,35.67,eur,1.0,zdravstvo,2023-10-01
posudio,50.0,eur,1.0,pare,2023-10-02
espresso,1.3,eur,2.0,hrana,2023-10-02
sendvič,3.2,eur,2.0,hrana,2023-10-02
espresso,1.3,eur,2.0,hrana,2023-10-03
sendvič,3.2,eur,2.0,hrana,2023-10-03
espresso,1.3,eur,2.0,hrana,2023-10-04
sendvič,3.2,eur,1.0,hrana,2023-10-04
tortilla,3.3,eur,1.0,hrana,2023-10-04
cigarete,4.5,eur,1.0,hrana,2023-10-04
kebab,6.0,eur,2.0,hrana,2023-10-04
tortilla,3.3,eur,1.0,hrana,2023-10-05
espresso,1.3,eur,2.0,hrana,2023-10-05
sendvič,3.2,eur,1.0,hrana,2023-10-05
tortilla,3.3,eur,1.0,hrana,2023-10-06
espresso,1.3,eur,2.0,hrana,2023-10-06
sendvič,3.2,eur,1.0,hrana,2023-10-06
kapučino,1.5,eur,1.0,hrana,2023-10-06
špar,2.78,eur,1.0,hrana,2023-10-06
hrana,16.1,eur,1.0,hrana,2023-10-06
pića,72.0,eur,1.0,hrana,2023-10-06
vraćeno,-15.0,eur,1.0,hrana,2023-10-06
lpp račun,37.0,eur,1.0,prijevoz,2023-10-07
guri platio pivu i hranu,-10.0,eur,1.0,hrana,2023-10-07
špar,15.49,eur,1.0,hrana,2023-10-07
hrana,7.15,eur,1.0,hrana,2023-10-07
cigarete i pive,18.39,eur,1.0,pušenje,2023-10-08
epresso,1.3,eur,2.0,hrana,2023-10-09
sendvič,3.2,eur,1.0,hrana,2023-10-09
mlinar pizze,2.9,eur,2.0,hrana,2023-10-09
sladoled vigo,6.0,eur,1.0,hrana,2023-10-09
epsresso,1.3,eur,2.0,hrana,2023-10-10
sendvič,3.2,eur,1.0,hrana,2023-10-10
tortilla,3.3,eur,1.0,hrana,2023-10-10
rizle,2.0,eur,1.0,pušenje,2023-10-10
shopping,13.0,eur,1.0,hrana,2023-10-10
plaća,-1268.24,eur,1.0,plaća,2023-10-10
sladoled i cigare,17.88,eur,1.0,pušenje,2023-10-11
večera roza slon,7.9,eur,1.0,hrana,2023-10-11
espresso,1.3,eur,2.0,hrana,2023-10-11
chilli con carne,5.3,eur,1.0,hrana,2023-10-11
roza slon,7.9,eur,1.0,hrana,2023-10-11
sranja,17.88,eur,1.0,hrana,2023-10-11
espresso,1.3,eur,2.0,hrana,2023-10-12
fontana,6.7,eur,1.0,hrana,2023-10-12
sendvič,3.2,eur,1.0,hrana,2023-10-13
pive,15.1,eur,1.0,hrana,2023-10-13
burek,3.0,eur,1.0,hrana,2023-10-13
špar,29.06,eur,1.0,hrana,2023-10-14
špar,26.11,eur,1.0,hrana,2023-10-14
ništa,0.0,eur,0.0,ništa,2023-10-15
pive,12.5,eur,1.0,hrana,2023-10-16
guri vraća pare,-2.5,eur,1.0,hrana,2023-10-16
shreya vraća pare,-80.0,eur,1.0,hrana,2023-10-16
espresso - Marko,1.3,eur,1.0,hrana,2023-10-16
sendvič,3.2,eur,1.0,hrana,2023-10-16
ručak,7.83,eur,1.0,hrana,2023-10-16
špar,11.21,eur,1.0,hrana,2023-10-16
špar,16.71,eur,1.0,hrana,2023-10-17
gaza,5.12,eur,1.0,hrana,2023-10-17
filteri i upaljač,16.71,eur,1.0,hrana,2023-10-17
mcdonalds,8.1,eur,1.0,hrana,2023-10-18
sendvič,3.2,eur,1.0,hrana,2023-10-19
espresso,1.3,eur,1.0,hrana,2023-10-20
Shreya ručak,6.6,eur,1.0,hrana,2023-10-20
tortillia,3.3,eur,1.0,hrana,2023-10-20
fitnes,34.9,eur,1.0,fitnes,2023-10-21
Špar hrana,15.38,eur,1.0,hrana,2023-10-21
punjač za mobitel,29.98,eur,1.0,tehnologija,2023-10-21
stick 128 gb,10.0,eur,1.0,tehnologija,2023-10-21
stavio pare za kuću,20.0,eur,1.0,kuća,2023-10-21
voda,2.0,eur,1.0,hrana,2023-10-21
pivo,3.7,eur,1.0,hrana,2023-10-21
rizle,0.6,eur,2.0,pušenje,2023-10-22
gorivo,1.536,eur,31.94,prijevoz,2023-10-22
keksi,4.99,eur,1.0,hrana,2023-10-22
pizza cut,3.0,eur,2.0,hrana,2023-10-23
espresso,1.3,eur,2.0,hrana,2023-10-23
sendvič,3.2,eur,1.0,hrana,2023-10-23
šoping špar,34.43,eur,1.0,hrana,2023-10-23
sendvič,3.2,eur,1.0,hrana,2023-10-24
espresso,1.3,eur,2.0,hrana,2023-10-24
špar,9.54,eur,1.0,hrana,2023-10-24
sendvič,3.2,eur,1.0,hrana,2023-10-25
espresso,1.3,eur,1.0,hrana,2023-10-25
makijato,1.3,eur,1.0,hrana,2023-10-25
covid test x5,10.72,eur,1.0,hrana,2023-10-25
ručak - mafija,7.4,eur,1.0,hrana,2023-10-25
špar - keksi,2.87,eur,2.0,hrana,2023-10-25
sendvič,3.2,eur,1.0,hrana,2023-10-26
espresso,1.3,eur,2.0,hrana,2023-10-26
tortilla,3.3,eur,1.0,hrana,2023-10-26
espresso,1.3,eur,2.0,hrana,2023-10-27
USB A Bluetooth Dongle,22.99,eur,1.0,tehnologija,2023-10-27
špar hrana,16.29,eur,1.0,hrana,2023-10-27
film kino bežigrad,21.6,eur,1.0,zabava,2023-10-27
guri vraća pare,-7.2,eur,1.0,plaća,2023-10-27
piće svima,12.4,eur,1.0,hrana,2023-10-27
špar,15.66,eur,1.0,hrana,2023-10-28
špar,2.08,eur,1.0,kućanstvo,2023-10-28
dopunsko zdravstveno slovenija,35.68,eur,1.0,zdravstvo,2023-10-28
kava i radenska,4.5,eur,1.0,hrana,2023-10-29
burger,5.0,eur,2.0,hrana,2023-10-29
pomfrit,2.5,eur,2.0,hrana,2023-10-29
kava sa Zalom,15.4,eur,1.0,hrana,2023-10-29
špar,6.62,eur,1.0,hrana,2023-10-30
shreya vraća pare,-10.2,eur,1.0,plaća,2023-10-30
biljar,28.49,eur,1.0,zabava,2023-10-30
guri vraća pare,-7.1,eur,1.0,plaća,2023-10-30
taxi,5.8,eur,1.0,prijevoz,2023-10-30
vratio nikihlu pare,5.29,eur,1.0,poklon,2023-10-31
filteri,1.4,eur,1.0,pušenje,2023-10-31
rizle,0.6,eur,1.0,pušenje,2023-10-31
gorivo,1.52,eur,20.5591,gorivo,2023-11-01
vilsmit sendvič,8.5,eur,2.0,hrana,2023-11-01
espresso,1.3,eur,2.0,hrana,2023-11-02
chili con carne,5.3,eur,1.0,hrana,2023-11-02
zubna četka,5.89,eur,1.0,higijena,2023-11-02
proteinska plošlica,1.39,eur,2.0,hrana,2023-11-02
limun,1.99,eur,0.754,hrana,2023-11-02
čili puder,2.99,eur,1.0,hrana,2023-11-02
cimet,0.79,eur,1.0,hrana,2023-11-02
koncentrat pomidora,1.29,eur,1.0,hrana,2023-11-02
crni papar u zrnu,0.29,eur,2.0,hrana,2023-11-02
curry u prahu,0.79,eur,1.0,hrana,2023-11-02
Hadis vraća pare,-8.0,eur,1.0,plaća,2023-11-02
espresso,1.3,eur,1.0,hrana,2023-11-03
špar,22.79,eur,1.0,hrana,2023-11-03
easy park,2.55,eur,1.0,prijevoz,2023-11-04
špar,9.71,eur,1.0,hrana,2023-11-04
lpp račun mjesečna,37.0,eur,1.0,prijevoz,2023-11-04
špar,14.57,eur,1.0,hrana,2023-11-04
burek mlinar,2.9,eur,1.0,hrana,2023-11-04
opera,5.0,eur,1.0,zabava,2023-11-04
taxi,5.45,eur,1.0,prijevoz,2023-11-05
espresso,1.3,eur,1.0,hrana,2023-11-06
rizle,0.6,eur,1.0,pušenje,2023-11-06
čipsevi,7.86,eur,1.0,hrana,2023-11-06
wolt vinkov rođendan,24.89,eur,1.0,hrana,2023-11-06
poklon,25.54,eur,1.0,poklon,2023-11-07
epsresso,1.3,eur,1.0,hrana,2023-11-07
tortilla,3.3,eur,1.0,hrana,2023-11-07
epresso,1.3,eur,1.0,hrana,2023-11-08
posudio shreyi pare,10.0,eur,1.0,posudio,2023-11-08
chilli con carne,5.3,eur,1.0,hrana,2023-11-08
sarajevo 84 čevapi hadis i ja,26.0,eur,1.0,hrana,2023-11-08
epresso,1.3,eur,2.0,hrana,2023-11-09
kiselo vrhnje,0.68,eur,1.0,hrana,2023-11-09
tortilla,3.3,eur,1.0,hrana,2023-11-09
hzzo dopunsko hrvatsko,9.35,eur,1.0,zdravstvo,2023-11-09
hak,12.0,eur,1.0,prijevoz,2023-11-09
gorivo,14.73,eur,1.0,prijevoz,2023-11-09
šišanje,15.0,eur,1.0,higijena,2023-11-10
plaća,-1261.65,eur,1.0,plaća,2023-11-10
pranje auta,4.5,eur,1.0,auto,2023-11-11
fatemeh vraća pare,-3.0,eur,1.0,plaća,2023-11-11
guri vraća pare,-3.0,eur,1.0,plaća,2023-11-11
ništa,0.0,eur,0.0,ništa,2023-11-12
lidl,11.64,eur,1.0,hrana,2023-11-13
gorivo,1.46,eur,34.28082,gorivo,2023-11-13
shreya vraća pare,-10.2,eur,1.0,plaća,2023-11-13
A1 račun,16.45,eur,1.0,tehnologija,2023-11-13
HAC,12.0,eur,1.0,prijevoz,2023-11-13
špar,6.72,eur,1.0,hrana,2023-11-13
espresso,1.3,eur,1.0,hrana,2023-11-14
tortilla,3.3,eur,1.0,hrana,2023-11-14
tost,2.7,eur,1.0,hrana,2023-11-14
espresso,1.3,eur,1.0,hrana,2023-11-15
keks,2.2,eur,1.0,hrana,2023-11-15
hood burger,13.4,eur,1.0,hrana,2023-11-15
guriju vraćam pare,4.6,eur,1.0,hrana,2023-11-15
slanina,2.54,eur,1.0,hrana,2023-11-15
gorivo,38.37,eur,1.0,gorivo,2023-11-16
vinjeta - AT,9.9,eur,1.0,prijevoz,2023-11-16
gorivo,37.91,eur,1.0,gorivo,2023-11-16
kroštule,5.0,eur,1.0,hrana,2023-11-16
wc,0.6,eur,1.0,higijena,2023-11-16
hadis vraća pare,-3.0,eur,1.0,plaća,2023-11-16
večera fini lokali,23.2,eur,1.0,hrana,2023-11-16
parking,3.6,eur,1.0,prijevoz,2023-11-16
parking,4.0,eur,1.0,prijevoz,2023-11-16
espresso,1.3,eur,2.0,hrana,2023-11-17
sendvič,3.2,eur,2.0,hrana,2023-11-17
mlijeko,1.09,eur,3.0,hrana,2023-11-17
mousse,1.46,eur,3.0,hrana,2023-11-17
mandarine,1.27,eur,1.0,hrana,2023-11-17
proteinska pločica,1.39,eur,3.0,hrana,2023-11-17
majoneza tommy,3.87,eur,1.0,hrana,2023-11-18
panceta,2.99,eur,2.0,hrana,2023-11-18
sir,2.13,eur,1.0,hrana,2023-11-18
pecivo,0.54,eur,2.0,hrana,2023-11-18
mljeveno teletina,12.95,eur,0.3,hrana,2023-11-18
igra,6.2,eur,1.0,tehnologija,2023-11-19
clever fit,34.9,eur,1.0,fitnes,2023-11-20
espresso,1.3,eur,2.0,hrana,2023-11-20
keks,2.2,eur,1.0,hrana,2023-11-20
sendvič,3.2,eur,1.0,hrana,2023-11-20
tortilla,3.3,eur,2.0,hrana,2023-11-20
špar šoping,16.72,eur,1.0,hrana,2023-11-20
espresso,1.3,eur,3.0,hrana,2023-11-21
keks,2.2,eur,1.0,hrana,2023-11-21
tortilla,3.3,eur,1.0,hrana,2023-11-21
lidl,3.79,eur,1.0,hrana,2023-11-21
espresso,1.3,eur,1.0,hrana,2023-11-22
espresso,1.3,eur,2.0,hrana,2023-11-23
tortilla,3.3,eur,1.0,hrana,2023-11-23
americano,1.3,eur,1.0,hrana,2023-11-23
keks,2.2,eur,1.0,hrana,2023-11-23
zlato Emma i Ivan,391.0,eur,1.0,poklon,2023-11-23
espresso,1.3,eur,3.0,hrana,2023-11-24
tortilla,3.3,eur,2.0,hrana,2023-11-24
keks,2.2,eur,2.0,hrana,2023-11-24
cigarete guri,5.7,eur,1.0,pušenje,2023-11-24
špar hrana,6.89,eur,1.0,hrana,2023-11-24
piće Zala,28.1,eur,1.0,hrana,2023-11-24
klub,10.0,eur,1.0,zabava,2023-11-24
taxi,5.15,eur,1.0,hrana,2023-11-25
put u Villach zajedno s shoppingom,124.35,eur,1.0,zabava,2023-11-25
tunel Austrija povrat,7.8,eur,1.0,prijevoz,2023-11-26
mcdonalds,16.29,eur,1.0,hrana,2023-11-26
tortilla,3.3,eur,2.0,hrana,2023-11-27
espresso,1.3,eur,1.0,hrana,2023-11-27
protein bar,1.39,eur,2.0,hrana,2023-11-27
pecivo,2.79,eur,1.0,hrana,2023-11-27
kuhan pršut,22.89,eur,0.248,hrana,2023-11-27
kapula,0.79,eur,0.633,hrana,2023-11-27
mandarine,1.69,eur,1.036,hrana,2023-11-27
rizle,0.6,eur,1.0,pušenje,2023-11-27
filteri,1.4,eur,1.0,pušenje,2023-11-27
duhan g. v.,6.7,eur,1.0,pušenje,2023-11-27
epsresso,1.3,eur,2.0,hrana,2023-11-28
tortilla,3.3,eur,1.0,hrana,2023-11-28
špar,23.1,eur,1.0,hrana,2023-11-28
espresso,1.3,eur,1.0,hrana,2023-11-29
špar,6.7,eur,1.0,hrana,2023-11-29
espresso,1.3,eur,2.0,hrana,2023-11-30
tost,2.7,eur,2.0,hrana,2023-11-30
put u Beč,-369.57,eur,1.0,plaća,2023-11-30
ajda,10.8,eur,1.0,hrana,2023-11-30
parking,1.5,eur,1.0,hrana,2023-11-30
espresso,1.3,eur,2.0,hrana,2023-12-01
tost,2.7,eur,2.0,hrana,2023-12-01
hadis vraća pare za tunel,-2.6,eur,1.0,plaća,2023-12-01
platio naredna 4 pića,27.8,eur,1.0,hrana,2023-12-02
hadis vraća pare 1xpivo 3.5eur,-3.5,eur,1.0,plaća,2023-12-02
guri i shreya vraćaju pare 1xradler 3.4eur 1x cappuccino 2.5 eur 1xšljivovica 3.8 eur,-9.7,eur,1.0,plaća,2023-12-02
taxi doma,7.1,eur,1.0,prijevoz,2023-12-02
špar,22.43,eur,1.0,hrana,2023-12-02
špar,9.94,eur,1.0,hrana,2023-12-02
taxi,7.9,eur,1.0,prijevoz,2023-12-03
shreyji šaljem pare,4.0,eur,1.0,hrana,2023-12-03
hadis vraća pare,-3.5,eur,1.0,plaća,2023-12-03
guri vraća pare,2.8,eur,1.0,plaća,2023-12-03
minigolf kafe bar guri sheya hadis ja,26.7,eur,1.0,hrana,2023-12-03
duhan,6.7,eur,1.0,pušenje,2023-12-04
rizle,0.6,eur,2.0,pušenje,2023-12-04
upaljač,1.89,eur,1.0,pušenje,2023-12-04
shreya vraća pare,-5.0,eur,1.0,plaća,2023-12-04
espresso,1.3,eur,1.0,hrana,2023-12-04
tortilia,3.3,eur,1.0,hrana,2023-12-04
lidl,17.85,eur,1.0,hrana,2023-12-04
espresso,1.3,eur,3.0,hrana,2023-12-05
tortilia,3.3,eur,1.0,hrana,2023-12-05
špar,11.32,eur,1.0,hrana,2023-12-05
urbana lpp,37.0,eur,1.0,prijevoz,2023-12-06
tortilla,3.3,eur,1.0,hrana,2023-12-06
sendvič,3.2,eur,1.0,hrana,2023-12-06
espresso,1.3,eur,2.0,hrana,2023-12-06
namaste,13.3,eur,1.0,hrana,2023-12-06
guriju vraćam pare,2.0,eur,1.0,hrana,2023-12-06
espresso,1.3,eur,2.0,hrana,2023-12-07
nevena vraća pare,-5.0,eur,1.0,plaća,2023-12-07
tortilla,3.3,eur,1.0,hrana,2023-12-07
špar,25.56,eur,1.0,hrana,2023-12-07
epsresso,1.3,eur,2.0,hrana,2023-12-08
špar,25.7,eur,1.0,hrana,2023-12-08
plaća,-1269.27,eur,1.0,plaća,2023-12-08
špar,29.05,eur,1.0,hrana,2023-12-09
špar,7.39,eur,1.0,pušenje,2023-12-09
lidl,13.3,eur,1.0,hrana,2023-12-09
McDonalds,7.6,eur,1.0,hrana,2023-12-09
ništa,0.0,eur,1.0,ništa,2023-12-10
espresso,1.3,eur,2.0,hrana,2023-12-11
tortilla,3.3,eur,2.0,hrana,2023-12-11
večera que pasa,10.7,eur,1.0,hrana,2023-12-11
tortilla roll,3.99,eur,1.0,hrana,2023-12-11
espresso,1.3,eur,1.0,hrana,2023-12-12
tortilla,3.3,eur,1.0,hrana,2023-12-12
špar,7.25,eur,1.0,hrana,2023-12-12
espresso,1.3,eur,2.0,hrana,2023-12-13
keks,2.2,eur,1.0,hrana,2023-12-13
tortilla,3.3,eur,1.0,hrana,2023-12-13
espresso,1.3,eur,2.0,hrana,2023-12-14
mcdonalds,16.38,eur,1.0,hrana,2023-12-14
tortilla,3.3,eur,1.0,hrana,2023-12-15
espresso,1.3,eur,1.0,hrana,2023-12-15
asian market,17.26,eur,1.0,hrana,2023-12-15
špar,18.47,eur,1.0,hrana,2023-12-15
hood burger,10.2,eur,1.0,hrana,2023-12-16
špar,8.1,eur,1.0,hana,2023-12-16
lidl,15.86,eur,1.0,hrana,2023-12-16
asian market,17.26,eur,1.0,hrana,2023-12-16
kuhano vino,3.1,eur,1.0,hrana,2023-12-17
espresso,1.3,eur,1.0,hrana,2023-12-18
tortilla,3.3,eur,1.0,hrana,2023-12-18
stanarina i režije 9. 10. 11. 12.,1010.9,eur,1.0,stan,2023-12-18
rizle,0.6,eur,4.0,pušenje,2023-12-18
filteri,1.4,eur,1.0,pušenje,2023-12-18
golden virginia yellow duha,6.7,eur,1.0,pušenje,2023-12-18
špar,19.37,eur,1.0,hrana,2023-12-18
espresso,1.3,eur,1.0,hrana,2023-12-19
veganski curry,4.8,eur,1.0,hrana,2023-12-19
espresso,1.3,eur,2.0,hrana,2023-12-20
tost,2.7,eur,1.0,hrana,2023-12-20
neko piće,3.0,eur,5.0,hrana,2023-12-20
pivo,5.5,eur,1.0,hrana,2023-12-20
clever fit,34.9,eur,1.0,fitnes,2023-12-20
špar,15.06,eur,1.0,hrana,2023-12-21
sem,16.5,eur,1.0,hrana,2023-12-21
guri vraća pare,-3.4,eur,1.0,plaća,2023-12-21
shreya vraća pare,-3.8,eur,1.0,plaća,2023-12-22
espresso,1.3,eur,2.0,hrana,2023-12-22
čarape,22.24,eur,1.0,poklon,2023-12-22
wolt dostava McDonalds,18.38,eur,1.0,hana,2023-12-22
gorivo,1.379,eur,29.8,prijevoz,2023-12-23
HAK,12.0,eur,1.0,prijevoz,2023-12-23
leće,79.8,eur,1.0,higijena,2023-12-23
dopunsko zdravstvo - slovenija,35.67,eur,1.0,zdravstvo,2023-12-24
ništa,0.0,eur,0.0,ništa,2023-12-25
ništa,0.0,eur,0.0,ništa,2023-12-26
gaza,0.34,eur,1.0,zdravlje,2023-12-27
brijač,51.0,eur,1.0,higijena,2023-12-28
2 majice i trenerka i kesa,52.16,eur,1.0,odječa,2023-12-28
pranje auta,3.0,eur,1.0,prijevoz,2023-12-28
eurospin slatkiši,10.17,eur,1.0,hrana,2023-12-29
plaća,-10.0,eur,1.0,plaća,2023-12-29
plodine pizdarije,14.35,eur,1.0,hrana,2023-12-30
piva,3.5,eur,4.0,hrana,2023-12-30
gorivo,1.38,eur,32.782,prijevoz,2023-12-31
HAK,12.0,eur,1.0,prijevoz,2023-12-31
ajda večera,8.9,eur,1.0,hrana,2023-12-31
pivo,4.5,eur,1.0,hrana,2023-12-31
kuhano vino meni i guriju,11.0,eur,1.0,hrana,2024-01-01
taxi,6.15,eur,1.0,prijevoz,2024-01-01
ništa,0.0,eur,0.0,ništa,2024-01-02
espresso,1.3,eur,2.0,hrana,2024-01-03
tost,2.7,eur,1.0,hrana,2024-01-03
svašta,90.04,eur,1.0,hrana,2024-01-03
espresso,1.3,eur,2.0,hrana,2024-01-04
špar,25.35,eur,1.0,hrana,2024-01-04
espresso,1.3,eur,2.0,hrana,2024-01-05
špar,2.99,eur,1.0,hrana,2024-01-05
decatlon oprema za skijanje,110.28,eur,1.0,zdravlje,2024-01-06
ikea,10.05,eur,1.0,hrana,2024-01-06
ikea,5.99,eur,1.0,hrana,2024-01-06
ikea,3.68,eur,1.0,hrana,2024-01-06
poklon tati,9.99,eur,1.0,poklon,2024-01-06
špar,24.67,eur,1.0,hrana,2024-01-06
špar,10.25,eur,1.0,hrana,2024-01-06
lidl hrana,5.83,eur,1.0,hrana,2024-01-06
ništa,0.0,eur,0.0,ništa,2024-01-07
espresso,1.3,eur,2.0,hrana,2024-01-08
espresso,1.3,eur,1.0,hrana,2024-01-09
lpp račun,37.0,eur,1.0,prijevoz,2024-01-09
hzzo dopunsko,9.35,eur,1.0,zdravstvo,2024-01-09
espresso,1.3,eur,2.0,hrana,2024-01-10
plaća,-1227.09,eur,1.0,plaća,2024-01-10
teflonska traka,1.39,eur,1.0,labos,2024-01-10
špar,8.41,eur,1.0,hrana,2024-01-10
espresso,1.3,eur,2.0,hrana,2024-01-11
sendvič piletina,3.2,eur,1.0,hrana,2024-01-11
A1,16.6,eur,1.0,računi,2024-01-11
tost,2.7,eur,1.0,hrana,2024-01-11
špar,13.8,eur,1.0,hrana,2024-01-11
gorivo,1.3895,eur,34.6,prijevoz,2024-01-11
tost,2.7,eur,1.0,hrana,2024-01-12
espresso,1.3,eur,2.0,hrana,2024-01-12
keks,2.2,eur,1.0,hrana,2024-01-12
špar,13.06,eur,1.0,hrana,2024-01-12
ručak kranjska gora,24.0,eur,1.0,hrana,2024-01-13
espresso,1.5,eur,1.0,hrana,2024-01-13
špar,12.59,eur,1.0,hrana,2024-01-13
gorivo,18.49,eur,1.0,prijevoz,2024-01-13
azijski dućan,12.62,eur,1.0,hrana,2024-01-13
ništa,0.0,eur,0.0,ništa,2024-01-14
espresso,1.3,eur,3.0,hrana,2024-01-15
tost,2.7,eur,2.0,hrana,2024-01-15
špar,12.66,eur,1.0,hrana,2024-01-15
vezovi za buce,146.0,eur,1.0,oprema,2024-01-15
espresso,1.3,eur,1.0,hrana,2024-01-16
špar,22.4,eur,1.0,hrana,2024-01-16
espresso,1.3,eur,2.0,hrana,2024-01-17
špar,9.31,eur,1.0,hrana,2024-01-17
čokoladne kruglice,10.0,eur,1.0,hrana,2024-01-17
espresso,1.3,eur,1.0,hrana,2024-01-18
špar,20.78,eur,1.0,hrana,2024-01-18
espresso,1.3,eur,1.0,hrana,2024-01-19
pive i rakija,14.9,eur,1.0,hrana,2024-01-19
taxi,6.45,eur,1.0,prijevoz,2024-01-19
špar,13.62,eur,1.0,hrana,2024-01-20
špar,9.94,eur,1.0,hrana,2024-01-20
pive,7.2,eur,1.0,hrana,2024-01-21
espresso,1.3,eur,1.0,hrana,2024-01-22
keks,2.2,eur,1.0,hrana,2024-01-22
špar,24.28,eur,1.0,hrana,2024-01-22
espresso,1.3,eur,1.0,hrana,2024-01-23
keks,2.2,eur,1.0,hrana,2024-01-23
špar,12.67,eur,1.0,hrana,2024-01-23
plaća,-141.31,eur,1.0,plaća,2024-01-23
clever fit,34.9,eur,1.0,fitnes,2024-01-23
espresso,1.3,eur,1.0,hrana,2024-01-24
špar,6.78,eur,1.0,hrana,2024-01-24
espresso,1.3,eur,2.0,hrana,2024-01-25
sendvič,3.2,eur,1.0,hrana,2024-01-25
špar,9.97,eur,1.0,hrana,2024-01-25
piće vinko i ja,8.8,eur,1.0,hrana,2024-01-26
espresso,1.3,eur,1.0,hrana,2024-01-26
tost,2.7,eur,2.0,hrana,2024-01-26
špar,10.7,eur,1.0,hrana,2024-01-26
špar,24.34,eur,1.0,hrana,2024-01-27
špar,25.56,eur,1.0,hrana,2024-01-27
lekadol,8.66,eur,1.0,hrana,2024-01-27
ništa,0.0,eur,0.0,ništa,2024-01-28
espresso,1.3,eur,1.0,hrana,2024-01-29
keks,2.2,eur,1.0,hrana,2024-01-29
špar,36.4,eur,1.0,hrana,2024-01-29
espresso,1.3,eur,1.0,hrana,2024-01-30
brus papir,1.99,eur,1.0,hrana,2024-01-30
špar,5.12,eur,1.0,hrana,2024-01-30
špar,8.18,eur,1.0,hrana,2024-01-30
espresso,1.3,eur,2.0,hrana,2024-01-31
tost,2.7,eur,2.0,hrana,2024-01-31
stanarina i režije,410.8,eur,1.0,stanarina,2024-01-31
espresso,1.3,eur,2.0,hrana,2024-02-01
tost,2.7,eur,2.0,hrana,2024-02-01
špar,17.57,eur,1.0,hrana,2024-02-01
baterije,3.55,eur,1.0,labos,2024-02-02
gorivo,30.43,eur,1.0,prijevoz,2024-02-03
žičara,44.0,eur,1.0,zabava,2024-02-03
ručak sa Zalom,12.0,eur,1.0,hrana,2024-02-03
špar,18.71,eur,1.0,hrana,2024-02-03
espresso,1.3,eur,2.0,hrana,2024-02-05
tost,2.7,eur,1.0,hrana,2024-02-05
špar,13.02,eur,1.0,hrana,2024-02-05
espresso,1.3,eur,1.0,hrana,2024-02-06
keks,2.2,eur,1.0,hrana,2024-02-06
špar,23.05,eur,1.0,hrana,2024-02-06
diablo collection,59.99,eur,1.0,zabava,2024-02-06
špar,8.86,eur,1.0,hrana,2024-02-07
espresso kafić,1.4,eur,2.0,hrana,2024-02-07
espresso,1.3,eur,1.0,hrana,2024-02-07
tost,2.7,eur,2.0,hrana,2024-02-07
gorivo,10.85,eur,1.0,prijevoz,2024-02-08
HAK,12.0,eur,1.0,prijevoz,2024-02-08
lpp mjesečna,37.0,eur,1.0,prijevoz,2024-02-08
kfc,12.5,eur,1.0,hrana,2024-02-08
mliko,1.05,eur,3.0,hrana,2024-02-09
špar,23.58,eur,1.0,hrana,2024-02-10
plaća,-1235.54,eur,1.0,plaća,2024-02-10
gorivo,38.3,eur,1.0,prijevoz,2024-02-11
HAK,12.0,eur,1.0,prijevoz,2024-02-11
espresso,1.3,eur,1.0,hrana,2024-02-12
tost,2.7,eur,1.0,hrana,2024-02-12
A1 račun,16.37,eur,1.0,tehnologija,2024-02-12
špar,12.42,eur,1.0,hrana,2024-02-12
espresso,1.3,eur,2.0,hrana,2024-02-13
sendvič,3.2,eur,1.0,hrana,2024-02-13
espresso,1.3,eur,2.0,hrana,2024-02-14
sendvič,3.2,eur,1.0,hrana,2024-02-14
špar,10.29,eur,1.0,hrana,2024-02-14
espresso,1.3,eur,2.0,hrana,2024-02-15
sendvič,3.2,eur,1.0,hrana,2024-02-15
špar,13.68,eur,1.0,hrana,2024-02-15
espresso,1.3,eur,2.0,hrana,2024-02-16
sendvič,3.2,eur,1.0,hrana,2024-02-16
keks,3.1,eur,1.0,hrana,2024-02-16
špar,12.98,eur,1.0,hrana,2024-02-16
špar,20.08,eur,1.0,hrana,2024-02-17
ništa,0.0,eur,0.0,ništa,2024-02-18
espresso,1.3,eur,1.0,hrana,2024-02-19
tost,2.7,eur,1.0,hrana,2024-02-19
špar,11.38,eur,1.0,hrana,2024-02-19
špar,7.87,eur,1.0,hrana,2024-02-19
espresso,1.3,eur,1.0,hrana,2024-02-20
sendvič,3.2,eur,1.0,hrana,2024-02-20
špar,11.08,eur,1.0,hrana,2024-02-20
clever fit,34.9,eur,1.0,fitnes,2024-02-23
ručak super pščanc,26.68,eur,1.0,hrana,2024-02-21
fati vraća pare,-8.89,eur,1.0,plaća,2024-02-21
hadis vraća pare,-8.89,eur,1.0,plaća,2024-02-21
špar,10.08,eur,1.0,hrana,2024-02-21
espresso,1.3,eur,1.0,hrana,2024-02-21
espresso,1.3,eur,2.0,hrana,2024-02-22
tost,2.7,eur,3.0,hrana,2024-02-22
špar,16.99,eur,1.0,hrana,2024-02-22
tablet,479.9,eur,1.0,tehnologija,2024-02-22
zaštita za tablet,59.8,eur,1.0,tehnologija,2024-02-22
espresso,1.3,eur,1.0,hrana,2024-02-23
špar,12.55,eur,1.0,hrana,2024-02-23
hrana,47.47,eur,1.0,hrana,2024-02-24
ništa,0.0,eur,0.0,ništa,2024-02-25
espresso,1.3,eur,2.0,hrana,2024-02-26
tost,2.7,eur,1.0,hrana,2024-02-26
gorivo,52.19,eur,1.0,prijevoz,2024-02-26
špar,12.67,eur,1.0,hrana,2024-02-26
espresso,1.3,eur,2.0,hrana,2024-02-27
tost,2.7,eur,2.0,hrana,2024-02-27
špar,16.17,eur,1.0,hrana,2024-02-27
espresso,1.3,eur,2.0,hrana,2024-02-28
tost,2.7,eur,1.0,hrana,2024-02-28
špar,10.84,eur,1.0,hrana,2024-02-28
espresso,1.3,eur,2.0,hrana,2024-02-29
tost,2.7,eur,3.0,hrana,2024-02-29
špar,13.03,eur,1.0,hrana,2024-02-29
espresso,1.3,eur,2.0,hrana,2024-03-01
tost,2.7,eur,3.0,hrana,2024-03-01
špar,14.42,eur,1.0,hrana,2024-03-01
špar,25.26,eur,1.0,hrana,2024-03-02
parking,3.5,eur,1.0,hrana,2024-03-02
ništa,0.0,eur,0.0,ništa,2024-03-03
espresso,1.3,eur,2.0,hrana,2024-03-04
tost,2.7,eur,1.0,hrana,2024-03-04
Dune karte,13.2,eur,1.0,zabava,2024-03-04
ljekarana,9.22,eur,1.0,zdravlje,2024-03-04
špar,23.55,eur,1.0,hrana,2024-03-04
stanarina,313.3,eur,1.0,stanarina,2024-03-05
wolt,18.5,eur,1.0,hrana,2024-03-05
espresso,1.3,eur,1.0,hrana,2024-03-05
kokice,8.2,eur,1.0,zabava,2024-03-06
špar,21.48,eur,1.0,hrana,2024-03-06
espresso,1.3,eur,1.0,hrana,2024-03-07
tost,2.7,eur,2.0,hrana,2024-03-07
špar,10.41,eur,1.0,hrana,2024-03-07
fati vraća pare,-4.0,eur,1.0,plaća,2024-03-08
plaća,-2475.64,eur,1.0,plaća,2024-03-08
hadis vraća pare,-4.0,eur,1.0,plaća,2024-03-08
špar,10.12,eur,1.0,hrana,2024-03-08
espresso,1.3,eur,1.0,hrana,2024-03-08
tost,2.7,eur,2.0,hrana,2024-03-08
špar,25.18,eur,1.0,hrana,2024-03-09
lpp mjesečna,37.0,eur,1.0,prijevoz,2024-03-10
espresso,1.3,eur,1.0,hrana,2024-03-11
špar,15.96,eur,1.0,hrana,2024-03-11
tava i tepsija za kolače,42.98,eur,1.0,kuća,2024-03-11
espresso,1.3,eur,2.0,hrana,2024-03-12
špar,12.69,eur,1.0,hrana,2024-03-12
stvar za cigare,11.49,eur,1.0,pušenje,2024-03-12
13.03.2024,35.79,eur,1.0,hrana,2024-03-13
espresso,1.3,eur,2.0,hrana,2024-03-14
tortilla,3.3,eur,2.0,hrana,2024-03-14
guri vraća pare,-502.7,eur,1.0,plaća,2024-03-14
baterije,10.18,eur,1.0,hrana,2024-03-14
espresso,1.3,eur,2.0,hrana,2024-03-15
tortilla,3.3,eur,1.0,hrana,2024-03-15
Lara ikea,33.45,eur,1.0,poklon,2024-03-15
parking,27.4,eur,1.0,prijevoz,2024-03-16
fati vraća pare za ikeu,-6.69,eur,1.0,poklon,2024-03-16
hadis vraća pare za ikeu,-6.69,eur,1.0,poklon,2024-03-16
špar,43.54,eur,1.0,hrana,2024-03-16
večera s dečkima,54.2,eur,1.0,hrana,2024-03-16
cili dan,71.8,eur,1.0,hrana,2024-03-18
cigarete,11.6,eur,1.0,pušenje,2024-03-19
mafija,6.7,eur,1.0,hrana,2024-03-19
shreya vraća pare,-4.6,eur,1.0,pušenje,2024-03-19
tiskarna hrana,21.6,eur,1.0,hrana,2024-03-19
20.03.2024,111.49,eur,1.0,svašta,2024-03-20
tata vraća za stolice,-30.0,eur,1.0,plaća,2024-03-20
clever fit,34.9,eur,1.0,fitnes,2024-03-20
espresso,1.3,eur,1.0,hrana,2024-03-21
nešto,3.0,eur,1.0,hrana,2024-03-21
vraćan emmi pare za poklon,45.0,eur,1.0,poklon,2024-03-22
HAK,12.0,eur,1.0,prijevoz,2024-03-22
espresso,1.3,eur,2.0,hrana,2024-03-22
tost,2.3,eur,1.0,hrana,2024-03-22
tortilla,3.3,eur,1.0,hrana,2024-03-22
temu pizdarije,39.96,eur,1.0,pizdarije,2024-03-23
24.03,89.05,eur,1.0,svašta,2024-03-24
25.03,22.1,eur,1.0,svašta,2024-03-25
26.03,16.49,eur,1.0,svašta,2024-03-26
27.03,23.59,eur,1.0,svašta,2024-03-27
28.03,26.3,eur,1.0,svašta,2024-03-28
espresso,1.3,eur,2.0,hrana,2024-03-29
sendvič,3.2,eur,1.0,hrana,2024-03-29
tost,2.3,eur,2.0,hrana,2024-03-29
H&M mudante,24.99,eur,1.0,roba,2024-03-29
špar,21.47,eur,1.0,hrana,2024-03-29
špar,25.66,eur,1.0,hrana,2024-03-30
ništa,0.0,eur,0.0,ništa,2024-03-31
ništa,0.0,eur,0.0,ništa,2024-04-01
espresso,1.3,eur,2.0,hrana,2024-04-02
tost,2.7,eur,1.0,hrana,2024-04-02
tortilla,3.3,eur,1.0,hrana,2024-04-02
špar,21.03,eur,1.0,hrana,2024-04-02
rizla,0.38,eur,2.0,pušenje,2024-04-03
espresso,1.3,eur,1.0,hrana,2024-04-03
tost,2.7,eur,2.0,hrana,2024-04-03
špar,12.92,eur,1.0,hrana,2024-04-03
04.04.2024,34.91,eur,1.0,hrana,2024-04-04
lpp mjesečna,37.0,eur,1.0,prijevoz,2024-04-05
05.04.2024,65.49,eur,1.0,hrana,2024-04-05
HZZO dopunsko,9.35,eur,1.0,hrana,2024-04-05
06.04.2024,102.41,eur,1.0,hrana,2024-04-06
A1 bon RH,10.0,eur,1.0,tehnologija,2024-04-07
07.04.2024,1.3,eur,1.0,hrana,2024-04-07
espresso,1.3,eur,1.0,hrana,2024-04-08
shreya vraća pare,-4.0,eur,1.0,plaća,2024-04-08
espresso i cocta,3.4,eur,1.0,hrana,2024-04-08
špar,16.25,eur,1.0,hrana,2024-04-08
espresso,1.3,eur,1.0,hrana,2024-04-09
cocta,2.1,eur,1.0,hrana,2024-04-09
špar,18.41,eur,1.0,hrana,2024-04-09
špar,9.43,eur,1.0,hrana,2024-04-09
espresso,1.3,eur,2.0,hrana,2024-04-10
plaća,-1235.54,eur,1.0,plaća,2024-04-10
špar,7.47,eur,1.0,hrana,2024-04-10
espresso,1.3,eur,2.0,hrana,2024-04-11
mafija ručak,6.4,eur,1.0,hrana,2024-04-11
adl doo,8.5,eur,1.0,nešto,2024-04-11
ručak trst,13.52,eur,1.0,hrana,2024-04-12
kava trst,2.0,eur,1.0,hrana,2024-04-12
špar,10.47,eur,1.0,hrana,2024-04-12
špar,3.98,eur,1.0,hrana,2024-04-12
decathlon,13.98,eur,1.0,hrana,2024-04-13
asian supermarket,22.69,eur,1.0,hrana,2024-04-13
špar,13.14,eur,1.0,hrana,2024-04-13
pivo s vinkom,12.0,eur,1.0,hrana,2024-04-13
ništa,0.0,eur,0.0,ništa,2024-04-14
espresso,1.3,eur,2.0,hrana,2024-04-15
špar,20.15,eur,2.0,hrana,2024-04-15
espresso,1.3,eur,2.0,hrana,2024-04-16
tost,2.7,eur,1.0,hrana,2024-04-16
špar,27.1,eur,1.0,hrana,2024-04-16
espresso,1.3,eur,2.0,hrana,2024-04-17
tost,2.7,eur,1.0,hrana,2024-04-17
tortilla,3.3,eur,1.0,hrana,2024-04-17
espresso,1.3,eur,2.0,hrana,2024-04-18
pizze i pića s Hadis,10.5,eur,1.0,hrana,2024-04-18
parking,0.7,eur,1.0,prijevoz,2024-04-18
Temu,54.31,eur,1.0,temu,2024-04-18
Hadis vraća pare,-4.5,eur,1.0,plaća,2024-04-18
tost,2.7,eur,1.0,hrana,2024-04-19
espresso,1.3,eur,2.0,hrana,2024-04-19
tortilla,3.3,eur,1.0,hrana,2024-04-19
špar,22.94,eur,1.0,hrana,2024-04-19
20.04.2024,108.26,eur,1.0,svašta,2024-04-20
hadis vraća pare,-4.5,eur,1.0,plaća,2024-04-21
22.04.2024,22.27,eur,1.0,hrana,2024-04-22
espresso,1.3,eur,2.0,hrana,2024-04-23
keks,2.2,eur,2.0,hrana,2024-04-23
espresso,1.3,eur,1.0,hrana,2024-04-24
grill,46.88,eur,1.0,hrana,2024-04-24
wolt,18.5,eur,1.0,hrana,2024-04-24
espresso,1.3,eur,1.0,hrana,2024-04-25
tost,2.7,eur,1.0,hrana,2024-04-25
cut pizze,3.0,eur,2.0,hrana,2024-04-25
espresso,1.3,eur,1.0,hrana,2024-04-26
vraćam fati pare,22.4,eur,1.0,pare,2024-04-26
mafija,6.7,eur,1.0,hrana,2024-04-26
petrol gorivo,37.97,eur,1.0,prijevoz,2024-04-26
HAK,3.9,eur,1.0,prijevoz,2024-04-26
bruscetti maretti Karlobag,0.75,eur,2.0,hrana,2024-04-26
vijci za auto,19.4,eur,1.0,prijevoz,2024-04-27
Emmi dao pare za poklon,30.0,eur,1.0,poklon,2024-04-28
espresso,1.7,eur,1.0,hrana,2024-04-29
zamjena guma,20.0,eur,1.0,prijevoz,2024-04-29
izrada kljuća,3.5,eur,1.0,ključ,2024-04-29
bauhaus,5.8,eur,1.0,roštilj,2024-04-29
gorivo,47.83,eur,1.0,prijevoz,2024-04-29
HAK,12.0,eur,1.0,prijevoz,2024-04-29
špar,18.62,eur,1.0,hrana,2024-04-29
30.04.2024,69.67,eur,1.0,hrana,2024-04-30
Dao Guriju za led,5.0,eur,1.0,hrana,2024-05-01
parking,1.5,eur,1.0,prijevoz,2024-05-02
ulje,22.9,eur,1.0,prijevoz,2024-05-02
filter,1.4,eur,1.0,pušenje,2024-05-02
špar,3.18,eur,1.0,hrana,2024-05-03
špar,23.41,eur,1.0,hrana,2024-05-03
parking,1.5,eur,1.0,prijevoz,2024-05-04
špar,9.18,eur,1.0,hrana,2024-05-04
lidl,2.78,eur,1.0,hrana,2024-05-04
lpp mjesečna urbana,37.0,eur,1.0,prijevoz,2024-05-05
kava s gurijem,1.4,eur,2.0,hrana,2024-05-05
svašta,36.54,eur,1.0,hrana,2024-05-06
svašta,36.48,eur,1.0,hrana,2024-05-07
svašta,5.3,eur,1.0,hrana,2024-05-08
espresso,1.3,eur,2.0,hrana,2024-05-09
tortilla,3.3,eur,3.0,hrana,2024-05-09
stanarina i režije,573.5,eur,1.0,stanarina,2024-05-09
zdravstveno RH,9.35,eur,1.0,zdravstvo,2024-05-09
A1,16.37,eur,1.0,tehnologija,2024-05-09
espresso,1.3,eur,2.0,hrana,2024-05-10
tost,2.7,eur,1.0,hrana,2024-05-10
plaća,-1238.86,eur,1.0,plaća,2024-05-10
tortilla,3.3,eur,2.0,hrana,2024-05-10
špar,28.18,eur,1.0,hrana,2024-05-10
špar,7.49,eur,1.0,hrana,2024-05-10
koktel,14.0,eur,2.0,hrana,2024-05-10
pivo,3.9,eur,2.0,hrana,2024-05-10
pivo,3.0,eur,1.0,hrana,2024-05-11
špar,3.95,eur,1.0,hrana,2024-05-11
wolt,21.44,eur,1.0,hrana,2024-05-11
ništa,0.0,eur,0.0,ništa,2024-05-12
espresso,1.3,eur,2.0,hrana,2024-05-13
tortilla,3.3,eur,1.0,hrana,2024-05-13
tost,2.7,eur,1.0,hrana,2024-05-13
lidl,2.69,eur,1.0,hrana,2024-05-13
biljar,38.02,eur,1.0,hrana,2024-05-13
guri vraća pare,-13.84,eur,1.0,plaća,2024-05-13
bedir vraća pare,-9.94,eur,1.0,plaća,2024-05-13
espresso,1.3,eur,2.0,hrana,2024-05-14
tost,2.7,eur,2.0,hrana,2024-05-14
špar,24.18,eur,1.0,hrana,2024-05-14
keks,2.2,eur,1.0,hrana,2024-05-15
espresso,1.3,eur,2.0,hrana,2024-05-15
tortilla,3.3,eur,2.0,hrana,2024-05-15
Povrat poreza RH,-42.36,eur,1.0,plaća,2024-05-15
espresso,1.3,eur,1.0,hrana,2024-05-16
tortilla,3.3,eur,1.0,hrana,2024-05-16
špar,27.36,eur,1.0,hrana,2024-05-16
espresso,1.3,eur,2.0,hrana,2024-05-17
tost,2.7,eur,1.0,hrana,2024-05-17
pizza,3.4,eur,1.0,hrana,2024-05-17
wolt,19.49,eur,1.0,hrana,2024-05-17
18.05.2024,63.79,eur,1.0,hrana,2024-05-18
hzzo,9.35,eur,1.0,zdravstvo,2024-05-19
petrol,7.4,eur,1.0,pušenje,2024-05-19
shreya vraća pare,-2.9,eur,1.0,plaća,2024-05-20
mafija nešto,6.3,eur,1.0,hrana,2024-05-20
mafija,4.7,eur,1.0,hrana,2024-05-21
špar,7.61,eur,1.0,hrana,2024-05-21
špar,21.46,eur,1.0,hrana,2024-05-21
majski piknik,20.0,eur,1.0,zabava,2024-05-21
clever fit,34.9,eur,1.0,zdravlje,2024-05-21
gorivo,53.31,eur,1.0,prijevoz,2024-05-22
espresso,1.3,eur,2.0,hrana,2024-05-22
tortilla,3.3,eur,1.0,hrana,2024-05-22
23.,15.37,eur,1.0,hrana,2024-05-23
24.,6.69,eur,1.0,hrana,2024-05-24
špar,46.91,eur,1.0,hrana,2024-05-25
party,52.8,eur,1.0,hrana,2024-05-25
dao guriju za hranu,5.0,eur,1.0,hrana,2024-05-25
rizle,0.6,eur,1.0,pušenje,2024-05-26
bicikelj,3,eur,1,prijevoz,2024-05-27
espresso,1.3,eur,2,hrana,2024-05-27
sendvič,3.2,eur,1,hrana,2024-05-27
tost,2.7,eur,1,hrana,2024-05-27
prijava za Bari,54.95,eur,1,ljetna škola,2024-05-27
